query,significant,p_value,term_size,query_size,intersection_size,precision,recall,term_id,source,term_name,effective_domain_size,source_order,parents
query_1,TRUE,4.660168886457222e-6,5,104,5,0.04807692307692308,1,CORUM:2872,CORUM,ITGA2b-ITGB3-CD9-GP1b-CD47 complex,3383,1254,
query_1,TRUE,9.314280720824115e-5,7,104,5,0.04807692307692308,0.7142857142857143,CORUM:27,CORUM,Arp2/3 protein complex,3383,12,
query_1,TRUE,0.005269691292634215,3,104,3,0.028846153846153848,1,CORUM:2370,CORUM,ITGA2B-ITGB3-CD9 complex,3383,1005,
query_1,TRUE,0.005269691292634215,3,104,3,0.028846153846153848,1,CORUM:2377,CORUM,ITGA2b-ITGB3-CD47-SRC complex,3383,1010,
query_1,TRUE,0.005269691292634215,3,104,3,0.028846153846153848,1,CORUM:2378,CORUM,ITGA2b-ITGB3-TLN1 complex,3383,1011,
query_1,TRUE,0.020606363850516743,4,104,3,0.028846153846153848,0.75,CORUM:2896,CORUM,ITGA2b-ITGB3-CD47-FAK complex,3383,1271,
query_1,TRUE,0.020606363850516743,4,104,3,0.028846153846153848,0.75,CORUM:2376,CORUM,ITGA2B-ITGB3-FN1-TGM2 complex,3383,1009,
query_1,TRUE,3.757713886702476e-14,135,294,22,0.07482993197278912,0.16296296296296298,GO:0030168,GO:BP,platelet activation,21031,6932,
query_1,TRUE,1.0304887305210167e-13,1512,294,66,0.22448979591836735,0.04365079365079365,GO:0007155,GO:BP,cell adhesion,21031,2750,
query_1,TRUE,2.2038827432024272e-13,3855,294,114,0.3877551020408163,0.029571984435797664,GO:0006950,GO:BP,response to stress,21031,2613,
query_1,TRUE,7.744505250097193e-13,235,294,26,0.08843537414965986,0.11063829787234042,GO:0007599,GO:BP,hemostasis,21031,3092,
query_1,TRUE,9.075820779641337e-13,1496,294,64,0.21768707482993196,0.0427807486631016,GO:0016477,GO:BP,cell migration,21031,5292,
query_1,TRUE,1.2608962763712224e-12,557,294,38,0.1292517006802721,0.06822262118491922,GO:0009611,GO:BP,response to wounding,21031,3576,
query_1,TRUE,2.1545012212111166e-12,2425,294,84,0.2857142857142857,0.03463917525773196,GO:0051128,GO:BP,regulation of cellular component organization,21031,13953,
query_1,TRUE,2.92710467876592e-12,425,294,33,0.11224489795918367,0.07764705882352942,GO:0042060,GO:BP,wound healing,21031,10290,
query_1,TRUE,3.612768258294208e-12,228,294,25,0.08503401360544217,0.10964912280701754,GO:0007596,GO:BP,blood coagulation,21031,3089,
query_1,TRUE,6.019065075224318e-12,233,294,25,0.08503401360544217,0.1072961373390558,GO:0050817,GO:BP,coagulation,21031,13708,
query_1,TRUE,6.926035141362834e-12,717,294,42,0.14285714285714285,0.058577405857740586,GO:0030036,GO:BP,actin cytoskeleton organization,21031,6897,
query_1,TRUE,7.475538110593066e-12,1234,294,56,0.19047619047619047,0.04538087520259319,GO:0040011,GO:BP,locomotion,21031,10240,
query_1,TRUE,1.1790523917778489e-11,1709,294,67,0.22789115646258504,0.03920421299005266,GO:0048870,GO:BP,cell motility,21031,13538,
query_1,TRUE,1.6928415419751464e-11,805,294,44,0.14965986394557823,0.0546583850931677,GO:0030029,GO:BP,actin filament-based process,21031,6890,
query_1,TRUE,1.820227477567317e-11,842,294,45,0.15306122448979592,0.05344418052256532,GO:0097435,GO:BP,supramolecular fiber organization,21031,19199,
query_1,TRUE,2.3647869925353576e-11,2776,294,89,0.30272108843537415,0.03206051873198847,GO:0002376,GO:BP,immune system process,21031,913,
query_1,TRUE,7.288804195778369e-11,1512,294,61,0.20748299319727892,0.04034391534391534,GO:0007010,GO:BP,cytoskeleton organization,21031,2653,
query_1,TRUE,1.1755068688843204e-10,396,294,30,0.10204081632653061,0.07575757575757576,GO:0050900,GO:BP,leukocyte migration,21031,13777,
query_1,TRUE,1.496322570441972e-10,73,294,15,0.05102040816326531,0.2054794520547945,GO:0070527,GO:BP,platelet aggregation,21031,16662,
query_1,TRUE,3.5183399507496813e-10,6250,294,147,0.5,0.02352,GO:0048518,GO:BP,positive regulation of biological process,21031,13226,
query_1,TRUE,4.797898106612182e-10,3613,294,102,0.3469387755102041,0.02823138665928591,GO:0006996,GO:BP,organelle organization,21031,2642,
query_1,TRUE,6.881050635225068e-10,237,294,23,0.0782312925170068,0.0970464135021097,GO:0097529,GO:BP,myeloid leukocyte migration,21031,19231,
query_1,TRUE,8.117703051710422e-10,97,294,16,0.05442176870748299,0.16494845360824742,GO:0034109,GO:BP,homotypic cell-cell adhesion,21031,8700,
query_1,TRUE,9.292852572852326e-10,371,294,28,0.09523809523809523,0.07547169811320754,GO:0050878,GO:BP,regulation of body fluid levels,21031,13758,
query_1,TRUE,1.1719496720552974e-9,1791,294,65,0.22108843537414966,0.036292573981016193,GO:0006952,GO:BP,defense response,21031,2614,
query_1,TRUE,1.1863805835461687e-9,463,294,31,0.1054421768707483,0.06695464362850972,GO:0007015,GO:BP,actin filament organization,21031,2655,
query_1,TRUE,1.3845864590772728e-9,8976,294,186,0.6326530612244898,0.02072192513368984,GO:0050896,GO:BP,response to stimulus,21031,13774,
query_1,TRUE,1.5128496640954983e-9,2723,294,84,0.2857142857142857,0.030848329048843187,GO:0009605,GO:BP,response to external stimulus,21031,3570,
query_1,TRUE,2.9540095020913327e-9,254,294,23,0.0782312925170068,0.09055118110236221,GO:0006959,GO:BP,humoral immune response,21031,2621,
query_1,TRUE,6.105491905534439e-9,2846,294,85,0.2891156462585034,0.029866479269149683,GO:0065008,GO:BP,regulation of biological quality,21031,16385,
query_1,TRUE,1.1082559658227102e-8,1092,294,47,0.1598639455782313,0.04304029304029304,GO:0001775,GO:BP,cell activation,21031,445,
query_1,TRUE,1.603827077682488e-8,117,294,16,0.05442176870748299,0.13675213675213677,GO:0007229,GO:BP,integrin-mediated signaling pathway,21031,2812,
query_1,TRUE,3.386831405526916e-8,234,294,21,0.07142857142857142,0.08974358974358974,GO:0006909,GO:BP,phagocytosis,21031,2588,
query_1,TRUE,4.391397763385267e-8,934,294,42,0.14285714285714285,0.044967880085653104,GO:0030334,GO:BP,regulation of cell migration,21031,7017,
query_1,TRUE,6.150272478701363e-8,351,294,25,0.08503401360544217,0.07122507122507123,GO:0031589,GO:BP,cell-substrate adhesion,21031,7495,
query_1,TRUE,7.760153840226159e-8,2018,294,66,0.22448979591836735,0.03270564915758176,GO:0032879,GO:BP,regulation of localization,21031,8155,
query_1,TRUE,9.079810781156796e-8,996,294,43,0.14625850340136054,0.04317269076305221,GO:2000145,GO:BP,regulation of cell motility,21031,26166,
query_1,TRUE,1.1517720122000469e-7,1988,294,65,0.22108843537414966,0.032696177062374245,GO:0006955,GO:BP,immune response,21031,2617,
query_1,TRUE,1.1540798635111151e-7,2955,294,84,0.2857142857142857,0.028426395939086295,GO:0051239,GO:BP,regulation of multicellular organismal process,21031,14037,
query_1,TRUE,1.6158696108650165e-7,778,294,37,0.12585034013605442,0.04755784061696658,GO:0030155,GO:BP,regulation of cell adhesion,21031,6925,
query_1,TRUE,1.8673707610093917e-7,1724,294,59,0.20068027210884354,0.034222737819025524,GO:0044419,GO:BP,biological process involved in interspecies interaction between organisms,21031,11378,
query_1,TRUE,1.90327782501005e-7,5717,294,131,0.445578231292517,0.022914115794997376,GO:0048522,GO:BP,positive regulation of cellular process,21031,13230,
query_1,TRUE,1.9823585179569935e-7,7669,294,161,0.5476190476190477,0.020993610640239926,GO:0032501,GO:BP,multicellular organismal process,21031,7883,
query_1,TRUE,2.6025729060141504e-7,1113,294,45,0.15306122448979592,0.04043126684636118,GO:0140546,GO:BP,defense response to symbiont,21031,20385,
query_1,TRUE,3.334881700198038e-7,1038,294,43,0.14625850340136054,0.041425818882466284,GO:0040012,GO:BP,regulation of locomotion,21031,10241,
query_1,TRUE,4.779797475762641e-7,1220,294,47,0.1598639455782313,0.038524590163934426,GO:0098542,GO:BP,defense response to other organism,21031,19336,
query_1,TRUE,6.760182819952088e-7,1547,294,54,0.1836734693877551,0.03490627020038785,GO:0016192,GO:BP,vesicle-mediated transport,21031,5229,
query_1,TRUE,7.634987773486456e-7,129,294,15,0.05102040816326531,0.11627906976744186,GO:1990266,GO:BP,neutrophil migration,21031,25792,
query_1,TRUE,1.296704806724779e-6,156,294,16,0.05442176870748299,0.10256410256410256,GO:0097530,GO:BP,granulocyte migration,21031,19232,
query_1,TRUE,1.711329574565969e-6,5520,294,125,0.42517006802721086,0.022644927536231884,GO:0051179,GO:BP,localization,21031,14002,
query_1,TRUE,2.547667441973691e-6,64,294,11,0.03741496598639456,0.171875,GO:0006956,GO:BP,complement activation,21031,2618,
query_1,TRUE,2.73966670751622e-6,522,294,28,0.09523809523809523,0.05363984674329502,GO:0060627,GO:BP,regulation of vesicle-mediated transport,21031,15276,
query_1,TRUE,2.934225139374748e-6,4350,294,105,0.35714285714285715,0.02413793103448276,GO:0006810,GO:BP,transport,21031,2519,
query_1,TRUE,2.9894417454091896e-6,946,294,39,0.1326530612244898,0.0412262156448203,GO:0098609,GO:BP,cell-cell adhesion,21031,19347,
query_1,TRUE,3.8768829713530444e-6,2683,294,75,0.25510204081632654,0.02795378307864331,GO:0070887,GO:BP,cellular response to chemical stimulus,21031,16854,
query_1,TRUE,4.610140572619618e-6,52,294,10,0.034013605442176874,0.19230769230769232,GO:0010543,GO:BP,regulation of platelet activation,21031,4251,
query_1,TRUE,4.7145245216751825e-6,1586,294,53,0.18027210884353742,0.033417402269861285,GO:0009607,GO:BP,response to biotic stimulus,21031,3572,
query_1,TRUE,5.219349325707582e-6,965,294,39,0.1326530612244898,0.04041450777202073,GO:0045087,GO:BP,innate immune response,21031,11659,
query_1,TRUE,5.954492639350712e-6,106,294,13,0.04421768707482993,0.12264150943396226,GO:0030593,GO:BP,neutrophil chemotaxis,21031,7097,
query_1,TRUE,6.290370731729981e-6,3939,294,97,0.3299319727891156,0.024625539477024627,GO:0048583,GO:BP,regulation of response to stimulus,21031,13279,
query_1,TRUE,7.332867587702621e-6,1512,294,51,0.17346938775510204,0.03373015873015873,GO:0002682,GO:BP,regulation of immune system process,21031,1207,
query_1,TRUE,7.396608292908261e-6,129,294,14,0.047619047619047616,0.10852713178294573,GO:0071621,GO:BP,granulocyte chemotaxis,21031,17303,
query_1,TRUE,8.254907624769618e-6,698,294,32,0.10884353741496598,0.045845272206303724,GO:0002252,GO:BP,immune effector process,21031,791,
query_1,TRUE,1.0138664022733332e-5,704,294,32,0.10884353741496598,0.045454545454545456,GO:0006897,GO:BP,endocytosis,21031,2580,
query_1,TRUE,1.0636655482194753e-5,320,294,21,0.07142857142857142,0.065625,GO:0060326,GO:BP,cell chemotaxis,21031,15004,
query_1,TRUE,1.2044300112390827e-5,4881,294,112,0.38095238095238093,0.022946117598852695,GO:0051234,GO:BP,establishment of localization,21031,14032,
query_1,TRUE,1.419507487171176e-5,237,294,18,0.061224489795918366,0.0759493670886076,GO:0030595,GO:BP,leukocyte chemotaxis,21031,7098,
query_1,TRUE,1.604187671676048e-5,1548,294,51,0.17346938775510204,0.03294573643410853,GO:0051707,GO:BP,response to other organism,21031,14359,
query_1,TRUE,1.7100471976901832e-5,1551,294,51,0.17346938775510204,0.03288201160541586,GO:0043207,GO:BP,response to external biotic stimulus,21031,10929,
query_1,TRUE,2.99863825467218e-5,1116,294,41,0.13945578231292516,0.036738351254480286,GO:0051130,GO:BP,positive regulation of cellular component organization,21031,13955,
query_1,TRUE,3.50595643261644e-5,101,294,12,0.04081632653061224,0.1188118811881188,GO:0034446,GO:BP,substrate adhesion-dependent cell spreading,21031,8936,
query_1,TRUE,3.7520854336795346e-5,1637,294,52,0.17687074829931973,0.03176542455711668,GO:0051240,GO:BP,positive regulation of multicellular organismal process,21031,14038,
query_1,TRUE,4.1816906851624434e-5,1594,294,51,0.17346938775510204,0.031994981179422836,GO:0051049,GO:BP,regulation of transport,21031,13898,
query_1,TRUE,5.0073297813642514e-5,1799,294,55,0.1870748299319728,0.030572540300166758,GO:0065009,GO:BP,regulation of molecular function,21031,16386,
query_1,TRUE,5.6027062597184845e-5,230,294,17,0.05782312925170068,0.07391304347826087,GO:0002685,GO:BP,regulation of leukocyte migration,21031,1210,
query_1,TRUE,6.504302440208832e-5,844,294,34,0.11564625850340136,0.04028436018957346,GO:0051050,GO:BP,positive regulation of transport,21031,13899,
query_1,TRUE,7.686249423094803e-5,235,294,17,0.05782312925170068,0.07234042553191489,GO:0007160,GO:BP,cell-matrix adhesion,21031,2755,
query_1,TRUE,8.288980785079373e-5,463,294,24,0.08163265306122448,0.05183585313174946,GO:0006935,GO:BP,chemotaxis,21031,2604,
query_1,TRUE,8.988759739818663e-5,465,294,24,0.08163265306122448,0.05161290322580645,GO:0042330,GO:BP,taxis,21031,10442,
query_1,TRUE,1.4322729557114737e-4,1227,294,42,0.14285714285714285,0.034229828850855744,GO:0050790,GO:BP,regulation of catalytic activity,21031,13688,
query_1,TRUE,1.4950897150865599e-4,1183,294,41,0.13945578231292516,0.034657650042265425,GO:0048646,GO:BP,anatomical structure formation involved in morphogenesis,21031,13329,
query_1,TRUE,1.5581469702083175e-4,2274,294,63,0.21428571428571427,0.027704485488126648,GO:0048584,GO:BP,positive regulation of response to stimulus,21031,13280,
query_1,TRUE,1.7144478001599166e-4,1189,294,41,0.13945578231292516,0.034482758620689655,GO:0010628,GO:BP,positive regulation of gene expression,21031,4324,
query_1,TRUE,1.725399919392639e-4,376,294,21,0.07142857142857142,0.05585106382978723,GO:0032970,GO:BP,regulation of actin filament-based process,21031,8233,
query_1,TRUE,2.635110598035934e-4,568,294,26,0.08843537414965986,0.045774647887323945,GO:2000147,GO:BP,positive regulation of cell motility,21031,26168,
query_1,TRUE,2.9289235170185275e-4,172,294,14,0.047619047619047616,0.08139534883720931,GO:0072524,GO:BP,pyridine-containing compound metabolic process,21031,17943,
query_1,TRUE,3.5001726058931856e-4,538,294,25,0.08503401360544217,0.046468401486988845,GO:0001525,GO:BP,angiogenesis,21031,335,
query_1,TRUE,3.62260225841783e-4,12680,294,219,0.7448979591836735,0.017271293375394323,GO:0065007,GO:BP,biological regulation,21031,16384,
query_1,TRUE,3.7533571534134906e-4,540,294,25,0.08503401360544217,0.046296296296296294,GO:0030335,GO:BP,positive regulation of cell migration,21031,7018,
query_1,TRUE,4.366592409676676e-4,583,294,26,0.08843537414965986,0.044596912521440824,GO:0040017,GO:BP,positive regulation of locomotion,21031,10246,
query_1,TRUE,4.454746354690644e-4,829,294,32,0.10884353741496598,0.038600723763570564,GO:0006954,GO:BP,inflammatory response,21031,2616,
query_1,TRUE,5.06889087801463e-4,1054,294,37,0.12585034013605442,0.03510436432637571,GO:0002684,GO:BP,positive regulation of immune system process,21031,1209,
query_1,TRUE,5.390749654363368e-4,269,294,17,0.05782312925170068,0.06319702602230483,GO:0110053,GO:BP,regulation of actin filament organization,21031,19940,
query_1,TRUE,5.406806956339315e-4,923,294,34,0.11564625850340136,0.03683640303358613,GO:0098657,GO:BP,import into cell,21031,19355,
query_1,TRUE,5.447820021051327e-4,334,294,19,0.06462585034013606,0.05688622754491018,GO:0032956,GO:BP,regulation of actin cytoskeleton organization,21031,8220,
query_1,TRUE,5.812823455652119e-4,477,294,23,0.0782312925170068,0.04821802935010482,GO:0045785,GO:BP,positive regulation of cell adhesion,21031,12013,
query_1,TRUE,5.914877383246148e-4,515,294,24,0.08163265306122448,0.04660194174757282,GO:0006091,GO:BP,generation of precursor metabolites and energy,21031,1974,
query_1,TRUE,5.914877383246148e-4,515,294,24,0.08163265306122448,0.04660194174757282,GO:0051493,GO:BP,regulation of cytoskeleton organization,21031,14203,
query_1,TRUE,6.249252564561782e-4,156,294,13,0.04421768707482993,0.08333333333333333,GO:0008037,GO:BP,cell recognition,21031,3133,
query_1,TRUE,6.63696553282775e-4,3957,294,91,0.30952380952380953,0.022997220116249686,GO:0042221,GO:BP,response to chemical,21031,10394,
query_1,TRUE,6.97617406664509e-4,719,294,29,0.09863945578231292,0.04033379694019471,GO:0051129,GO:BP,negative regulation of cellular component organization,21031,13954,
query_1,TRUE,7.274636198385069e-4,49,294,8,0.027210884353741496,0.16326530612244897,GO:0006953,GO:BP,acute-phase response,21031,2615,
query_1,TRUE,9.755660941489688e-4,773,294,30,0.10204081632653061,0.03880983182406209,GO:0001817,GO:BP,regulation of cytokine production,21031,479,
query_1,TRUE,0.0011464517918385049,779,294,30,0.10204081632653061,0.038510911424903725,GO:0001816,GO:BP,cytokine production,21031,478,
query_1,TRUE,0.0012775925119906653,166,294,13,0.04421768707482993,0.0783132530120482,GO:0019362,GO:BP,pyridine nucleotide metabolic process,21031,5915,
query_1,TRUE,0.0012775925119906653,166,294,13,0.04421768707482993,0.0783132530120482,GO:0046496,GO:BP,nicotinamide nucleotide metabolic process,21031,12605,
query_1,TRUE,0.0012893195459761561,2799,294,70,0.23809523809523808,0.025008931761343337,GO:0007166,GO:BP,cell surface receptor signaling pathway,21031,2761,
query_1,TRUE,0.0014253970009084544,8151,294,155,0.5272108843537415,0.019016071647650595,GO:0016043,GO:BP,cellular component organization,21031,5137,
query_1,TRUE,0.0016335087822115103,3621,294,84,0.2857142857142857,0.0231980115990058,GO:0051641,GO:BP,cellular localization,21031,14309,
query_1,TRUE,0.002337418504461397,204,294,14,0.047619047619047616,0.06862745098039216,GO:0031032,GO:BP,actomyosin structure organization,21031,7245,
query_1,TRUE,0.0024255386095203726,12287,294,211,0.717687074829932,0.01717262146984618,GO:0050789,GO:BP,regulation of biological process,21031,13687,
query_1,TRUE,0.0024819792579366972,1173,294,38,0.1292517006802721,0.03239556692242114,GO:0033043,GO:BP,regulation of organelle organization,21031,8278,
query_1,TRUE,0.0025689393635401777,335,294,18,0.061224489795918366,0.05373134328358209,GO:0015980,GO:BP,energy derivation by oxidation of organic compounds,21031,5120,
query_1,TRUE,0.0028933106199180865,5899,294,120,0.40816326530612246,0.020342430920494998,GO:0048856,GO:BP,anatomical structure development,21031,13525,
query_1,TRUE,0.0030190213087196945,773,294,29,0.09863945578231292,0.037516170763260026,GO:0043085,GO:BP,positive regulation of catalytic activity,21031,10868,
query_1,TRUE,0.003612916184887982,60,294,8,0.027210884353741496,0.13333333333333333,GO:1905517,GO:BP,macrophage migration,21031,25342,
query_1,TRUE,0.003620736853650406,1097,294,36,0.12244897959183673,0.032816773017319965,GO:0044093,GO:BP,positive regulation of molecular function,21031,11278,
query_1,TRUE,0.0036784809196721267,531,294,23,0.0782312925170068,0.04331450094161959,GO:0002253,GO:BP,activation of immune response,21031,792,
query_1,TRUE,0.0038514436963995417,1340,294,41,0.13945578231292516,0.030597014925373135,GO:0080134,GO:BP,regulation of response to stress,21031,18338,
query_1,TRUE,0.00397333091971137,16,294,5,0.017006802721088437,0.3125,GO:0072378,GO:BP,"blood coagulation, fibrin clot formation",21031,17891,
query_1,TRUE,0.0041785041728145175,616,294,25,0.08503401360544217,0.040584415584415584,GO:0050865,GO:BP,regulation of cell activation,21031,13748,
query_1,TRUE,0.00435399834725486,215,294,14,0.047619047619047616,0.06511627906976744,GO:0010810,GO:BP,regulation of cell-substrate adhesion,21031,4475,
query_1,TRUE,0.0046602450801517745,62,294,8,0.027210884353741496,0.12903225806451613,GO:1900024,GO:BP,regulation of substrate adhesion-dependent cell spreading,21031,20824,
query_1,TRUE,0.004738224718388445,1110,294,36,0.12244897959183673,0.032432432432432434,GO:0051241,GO:BP,negative regulation of multicellular organismal process,21031,14039,
query_1,TRUE,0.004780831982255965,44,294,7,0.023809523809523808,0.1590909090909091,GO:1905521,GO:BP,regulation of macrophage migration,21031,25346,
query_1,TRUE,0.005338285494546787,752,294,28,0.09523809523809523,0.03723404255319149,GO:0001944,GO:BP,vasculature development,21031,560,
query_1,TRUE,0.00540275468826127,625,294,25,0.08503401360544217,0.04,GO:0048514,GO:BP,blood vessel morphogenesis,21031,13224,
query_1,TRUE,0.005564620716314711,17,294,5,0.017006802721088437,0.29411764705882354,GO:0008228,GO:BP,opsonization,21031,3181,
query_1,TRUE,0.005687610223557303,428,294,20,0.06802721088435375,0.04672897196261682,GO:0001667,GO:BP,ameboidal-type cell migration,21031,383,
query_1,TRUE,0.006197413754516786,3210,294,75,0.25510204081632654,0.02336448598130841,GO:0033036,GO:BP,macromolecule localization,21031,8276,
query_1,TRUE,0.006338090263239429,1077,294,35,0.11904761904761904,0.032497678737233054,GO:0032101,GO:BP,regulation of response to external stimulus,21031,7632,
query_1,TRUE,0.006665847237238823,395,294,19,0.06462585034013606,0.04810126582278481,GO:0042692,GO:BP,muscle cell differentiation,21031,10651,
query_1,TRUE,0.006963963834692579,6453,294,127,0.43197278911564624,0.01968076863474353,GO:0032502,GO:BP,developmental process,21031,7884,
query_1,TRUE,0.006996002640009166,324,294,17,0.05782312925170068,0.05246913580246913,GO:0030198,GO:BP,extracellular matrix organization,21031,6944,
query_1,TRUE,0.0070955406394101785,1130,294,36,0.12244897959183673,0.03185840707964602,GO:0072359,GO:BP,circulatory system development,21031,17886,
query_1,TRUE,0.007290348844917404,325,294,17,0.05782312925170068,0.052307692307692305,GO:0042742,GO:BP,defense response to bacterium,21031,10684,
query_1,TRUE,0.007290348844917404,325,294,17,0.05782312925170068,0.052307692307692305,GO:0043062,GO:BP,extracellular structure organization,21031,10859,
query_1,TRUE,0.00734792393839258,194,294,13,0.04421768707482993,0.06701030927835051,GO:0051348,GO:BP,negative regulation of transferase activity,21031,14123,
query_1,TRUE,0.007595794689378611,326,294,17,0.05782312925170068,0.05214723926380368,GO:0045229,GO:BP,external encapsulating structure organization,21031,11733,
query_1,TRUE,0.00808247560221227,8361,294,155,0.5272108843537415,0.018538452338237053,GO:0071840,GO:BP,cellular component organization or biogenesis,21031,17446,
query_1,TRUE,0.008888595644395982,643,294,25,0.08503401360544217,0.038880248833592534,GO:0043408,GO:BP,regulation of MAPK cascade,21031,11031,
query_1,TRUE,0.009464511287336684,90,294,9,0.030612244897959183,0.1,GO:0097581,GO:BP,lamellipodium organization,21031,19248,
query_1,TRUE,0.009638882051307503,604,294,24,0.08163265306122448,0.039735099337748346,GO:0051336,GO:BP,regulation of hydrolase activity,21031,14111,
query_1,TRUE,0.010219299464701745,19,294,5,0.017006802721088437,0.2631578947368421,GO:0072376,GO:BP,protein activation cascade,21031,17889,
query_1,TRUE,0.011312027341420372,1971,294,52,0.17687074829931973,0.026382546930492135,GO:0071310,GO:BP,cellular response to organic substance,21031,17066,
query_1,TRUE,0.012224356116858655,2637,294,64,0.21768707482993196,0.02427000379218809,GO:0010033,GO:BP,response to organic substance,21031,3883,
query_1,TRUE,0.012286437966818569,490,294,21,0.07142857142857142,0.04285714285714286,GO:0001819,GO:BP,positive regulation of cytokine production,21031,481,
query_1,TRUE,0.012930936382524575,7394,294,140,0.47619047619047616,0.018934271030565324,GO:0051716,GO:BP,cellular response to stimulus,21031,14364,
query_1,TRUE,0.013062164623501822,304,294,16,0.05442176870748299,0.05263157894736842,GO:0010631,GO:BP,epithelial cell migration,21031,4327,
query_1,TRUE,0.01330170658739566,745,294,27,0.09183673469387756,0.036241610738255034,GO:0000165,GO:BP,MAPK cascade,21031,56,
query_1,TRUE,0.013427454015379989,205,294,13,0.04421768707482993,0.06341463414634146,GO:0071674,GO:BP,mononuclear cell migration,21031,17349,
query_1,TRUE,0.01424286750625447,4366,294,93,0.3163265306122449,0.02130096197892808,GO:0030154,GO:BP,cell differentiation,21031,6924,
query_1,TRUE,0.014382159665977199,4367,294,93,0.3163265306122449,0.02129608426837646,GO:0048869,GO:BP,cellular developmental process,21031,13537,
query_1,TRUE,0.014781155029887959,307,294,16,0.05442176870748299,0.05211726384364821,GO:0090132,GO:BP,epithelium migration,21031,18573,
query_1,TRUE,0.01566461964880745,2102,294,54,0.1836734693877551,0.025689819219790674,GO:0051246,GO:BP,regulation of protein metabolic process,21031,14041,
query_1,TRUE,0.016639403543701074,383,294,18,0.061224489795918366,0.04699738903394256,GO:1902903,GO:BP,regulation of supramolecular fiber organization,21031,23167,
query_1,TRUE,0.01668519815813726,346,294,17,0.05782312925170068,0.049132947976878616,GO:0006887,GO:BP,exocytosis,21031,2572,
query_1,TRUE,0.017586750558722376,97,294,9,0.030612244897959183,0.09278350515463918,GO:0050764,GO:BP,regulation of phagocytosis,21031,13667,
query_1,TRUE,0.0176228969982626,150,294,11,0.03741496598639456,0.07333333333333333,GO:0006469,GO:BP,negative regulation of protein kinase activity,21031,2232,
query_1,TRUE,0.018172340889711303,1179,294,36,0.12244897959183673,0.030534351145038167,GO:1901701,GO:BP,cellular response to oxygen-containing compound,21031,22188,
query_1,TRUE,0.01883730679482229,313,294,16,0.05442176870748299,0.051118210862619806,GO:0090130,GO:BP,tissue migration,21031,18571,
query_1,TRUE,0.019413601090103563,36,294,6,0.02040816326530612,0.16666666666666666,GO:1902745,GO:BP,positive regulation of lamellipodium organization,21031,23032,
query_1,TRUE,0.02165650667083997,2684,294,64,0.21768707482993196,0.02384500745156483,GO:0009653,GO:BP,anatomical structure morphogenesis,21031,3608,
query_1,TRUE,0.02263268894323651,154,294,11,0.03741496598639456,0.07142857142857142,GO:0008064,GO:BP,regulation of actin polymerization or depolymerization,21031,3147,
query_1,TRUE,0.02285776123265178,11,294,4,0.013605442176870748,0.36363636363636365,GO:0060368,GO:BP,regulation of Fc receptor mediated stimulatory signaling pathway,21031,15044,
query_1,TRUE,0.02442676261124288,6537,294,126,0.42857142857142855,0.019274896741624598,GO:0007154,GO:BP,cell communication,21031,2749,
query_1,TRUE,0.027161954147084395,157,294,11,0.03741496598639456,0.07006369426751592,GO:0030832,GO:BP,regulation of actin filament length,21031,7154,
query_1,TRUE,0.02732112652372265,219,294,13,0.04421768707482993,0.0593607305936073,GO:0052548,GO:BP,regulation of endopeptidase activity,21031,14598,
query_1,TRUE,0.02753656485018047,1766,294,47,0.1598639455782313,0.026613816534541337,GO:1902531,GO:BP,regulation of intracellular signal transduction,21031,22895,
query_1,TRUE,0.027600734211717003,287,294,15,0.05102040816326531,0.05226480836236934,GO:0051258,GO:BP,protein polymerization,21031,14053,
query_1,TRUE,0.028670005980662244,602,294,23,0.0782312925170068,0.03820598006644518,GO:0010256,GO:BP,endomembrane system organization,21031,4071,
query_1,TRUE,0.030587039840598754,872,294,29,0.09863945578231292,0.033256880733944956,GO:0035239,GO:BP,tube morphogenesis,21031,9225,
query_1,TRUE,0.030601280140568864,159,294,11,0.03741496598639456,0.06918238993710692,GO:0033673,GO:BP,negative regulation of kinase activity,21031,8628,
query_1,TRUE,0.03144581914468259,967,294,31,0.1054421768707483,0.03205791106514995,GO:0007167,GO:BP,enzyme-linked receptor protein signaling pathway,21031,2762,
query_1,TRUE,0.031633219041786426,190,294,12,0.04081632653061224,0.06315789473684211,GO:0017157,GO:BP,regulation of exocytosis,21031,5350,
query_1,TRUE,0.03183654333386951,131,294,10,0.034013605442176874,0.07633587786259542,GO:0019730,GO:BP,antimicrobial humoral response,21031,6236,
query_1,TRUE,0.03248557758819714,291,294,15,0.05102040816326531,0.05154639175257732,GO:0051146,GO:BP,striated muscle cell differentiation,21031,13970,
query_1,TRUE,0.03406076245621217,971,294,31,0.1054421768707483,0.03192584963954686,GO:0044087,GO:BP,regulation of cellular component biogenesis,21031,11272,
query_1,TRUE,0.03414348403599853,831,294,28,0.09523809523809523,0.03369434416365824,GO:0019725,GO:BP,cellular homeostasis,21031,6234,
query_1,TRUE,0.03431052762885702,6447,294,124,0.4217687074829932,0.019233752132774933,GO:0023052,GO:BP,signaling,21031,6877,
query_1,TRUE,0.03530608882477065,405,294,18,0.061224489795918366,0.044444444444444446,GO:0032102,GO:BP,negative regulation of response to external stimulus,21031,7633,
query_1,TRUE,0.036979956602326086,881,294,29,0.09863945578231292,0.032917139614074914,GO:0050776,GO:BP,regulation of immune response,21031,13679,
query_1,TRUE,0.042102700551021506,108,294,9,0.030612244897959183,0.08333333333333333,GO:0002526,GO:BP,acute inflammatory response,21031,1055,
query_1,TRUE,0.043128938063018894,196,294,12,0.04081632653061224,0.061224489795918366,GO:0009060,GO:BP,aerobic respiration,21031,3273,
query_1,TRUE,0.04413369595983683,136,294,10,0.034013605442176874,0.07352941176470588,GO:0030833,GO:BP,regulation of actin filament polymerization,21031,7155,
query_1,TRUE,0.045362324414089425,197,294,12,0.04081632653061224,0.06091370558375635,GO:0008154,GO:BP,actin polymerization or depolymerization,21031,3161,
query_1,TRUE,0.04950019023659129,62,294,7,0.023809523809523808,0.11290322580645161,GO:0045010,GO:BP,actin nucleation,21031,11616,
query_1,TRUE,5.193712901069416e-84,3303,298,193,0.6476510067114094,0.05843172873145625,GO:0005615,GO:CC,extracellular space,22097,232,
query_1,TRUE,9.835932314190592e-81,4213,298,209,0.7013422818791947,0.04960835509138381,GO:0005576,GO:CC,extracellular region,22097,198,
query_1,TRUE,3.234475474073362e-76,2109,298,155,0.5201342281879194,0.07349454717875771,GO:0070062,GO:CC,extracellular exosome,22097,2418,
query_1,TRUE,1.6838007823699836e-75,2133,298,155,0.5201342281879194,0.07266760431317393,GO:1903561,GO:CC,extracellular vesicle,22097,3690,
query_1,TRUE,1.8027751743695722e-75,2134,298,155,0.5201342281879194,0.07263355201499531,GO:0065010,GO:CC,extracellular membrane-bounded organelle,22097,2398,
query_1,TRUE,1.8027751743695722e-75,2134,298,155,0.5201342281879194,0.07263355201499531,GO:0043230,GO:CC,extracellular organelle,22097,1882,
query_1,TRUE,1.8379343260000722e-65,4004,298,189,0.6342281879194631,0.0472027972027972,GO:0031982,GO:CC,vesicle,22097,1228,
query_1,TRUE,9.770263983514108e-40,896,298,79,0.2651006711409396,0.08816964285714286,GO:0030141,GO:CC,secretory granule,22097,916,
query_1,TRUE,8.672847261265871e-38,1069,298,83,0.2785234899328859,0.07764265668849392,GO:0099503,GO:CC,secretory vesicle,22097,3364,
query_1,TRUE,6.824308967920972e-28,2513,298,109,0.36577181208053694,0.043374452845204935,GO:0031410,GO:CC,cytoplasmic vesicle,22097,1106,
query_1,TRUE,8.117893785125735e-28,2518,298,109,0.36577181208053694,0.04328832406671962,GO:0097708,GO:CC,intracellular vesicle,22097,3137,
query_1,TRUE,2.1822078337475198e-26,432,298,47,0.15771812080536912,0.1087962962962963,GO:0030055,GO:CC,cell-substrate junction,22097,869,
query_1,TRUE,8.130224570305547e-26,422,298,46,0.15436241610738255,0.10900473933649289,GO:0005925,GO:CC,focal adhesion,22097,451,
query_1,TRUE,1.7591993009160213e-24,320,298,40,0.1342281879194631,0.125,GO:0034774,GO:CC,secretory granule lumen,22097,1567,
query_1,TRUE,2.5294506708818118e-24,323,298,40,0.1342281879194631,0.1238390092879257,GO:0060205,GO:CC,cytoplasmic vesicle lumen,22097,2286,
query_1,TRUE,2.8524347483279342e-24,324,298,40,0.1342281879194631,0.12345679012345678,GO:0031983,GO:CC,vesicle lumen,22097,1229,
query_1,TRUE,1.3073627802279498e-22,905,298,60,0.20134228187919462,0.06629834254143646,GO:0070161,GO:CC,anchoring junction,22097,2440,
query_1,TRUE,1.1977139400988676e-17,4777,298,135,0.45302013422818793,0.02826041448607913,GO:0012505,GO:CC,endomembrane system,22097,687,
query_1,TRUE,1.2599861713299849e-17,515,298,41,0.13758389261744966,0.07961165048543689,GO:0015629,GO:CC,actin cytoskeleton,22097,707,
query_1,TRUE,4.653782542586202e-16,12345,298,238,0.7986577181208053,0.01927906034831916,GO:0005737,GO:CC,cytoplasm,22097,309,
query_1,TRUE,6.187735820387402e-15,124,298,21,0.07046979865771812,0.1693548387096774,GO:1904813,GO:CC,ficolin-1-rich granule lumen,22097,3709,
query_1,TRUE,1.5686088297248098e-14,184,298,24,0.08053691275167785,0.13043478260869565,GO:0101002,GO:CC,ficolin-1-rich granule,22097,3383,
query_1,TRUE,3.0288751202170877e-13,555,298,37,0.12416107382550336,0.06666666666666667,GO:0031012,GO:CC,extracellular matrix,22097,1028,
query_1,TRUE,3.206747767548229e-13,556,298,37,0.12416107382550336,0.06654676258992806,GO:0030312,GO:CC,external encapsulating structure,22097,927,
query_1,TRUE,4.1188754380338447e-13,2230,298,78,0.26174496644295303,0.03497757847533632,GO:0030054,GO:CC,cell junction,22097,868,
query_1,TRUE,7.182725259225129e-13,6228,298,148,0.49664429530201343,0.023763648041104687,GO:0071944,GO:CC,cell periphery,22097,2793,
query_1,TRUE,1.0832892018657023e-12,90,298,17,0.05704697986577181,0.18888888888888888,GO:0031091,GO:CC,platelet alpha granule,22097,1046,
query_1,TRUE,1.230416390916924e-10,2430,298,77,0.25838926174496646,0.03168724279835391,GO:0005856,GO:CC,cytoskeleton,22097,399,
query_1,TRUE,4.008239410170101e-10,316,298,25,0.08389261744966443,0.07911392405063292,GO:0030667,GO:CC,secretory granule membrane,22097,955,
query_1,TRUE,8.2908622349523e-9,425,298,27,0.09060402684563758,0.06352941176470588,GO:0062023,GO:CC,collagen-containing extracellular matrix,22097,2360,
query_1,TRUE,9.26354809166437e-9,154,298,17,0.05704697986577181,0.11038961038961038,GO:0005766,GO:CC,primary lysosome,22097,334,
query_1,TRUE,9.26354809166437e-9,154,298,17,0.05704697986577181,0.11038961038961038,GO:0042582,GO:CC,azurophil granule,22097,1797,
query_1,TRUE,1.344608146205227e-8,136,298,16,0.053691275167785234,0.11764705882352941,GO:0072562,GO:CC,blood microparticle,22097,2814,
query_1,TRUE,1.3981004754894365e-8,158,298,17,0.05704697986577181,0.10759493670886076,GO:0042581,GO:CC,specific granule,22097,1796,
query_1,TRUE,2.441656943669597e-8,9864,298,188,0.6308724832214765,0.019059205190592052,GO:0016020,GO:CC,membrane,22097,720,
query_1,TRUE,2.0583663128418202e-7,163,298,16,0.053691275167785234,0.09815950920245399,GO:0070820,GO:CC,tertiary granule,22097,2566,
query_1,TRUE,5.008896428316812e-7,86,298,12,0.040268456375838924,0.13953488372093023,GO:0001725,GO:CC,stress fiber,22097,154,
query_1,TRUE,5.008896428316812e-7,86,298,12,0.040268456375838924,0.13953488372093023,GO:0097517,GO:CC,contractile actin filament bundle,22097,3038,
query_1,TRUE,9.716080815026869e-7,1054,298,40,0.1342281879194631,0.03795066413662239,GO:0099512,GO:CC,supramolecular fiber,22097,3365,
query_1,TRUE,1.110107321454818e-6,1426,298,48,0.1610738255033557,0.033660589060308554,GO:0099080,GO:CC,supramolecular complex,22097,3341,
query_1,TRUE,1.2022763489998691e-6,1062,298,40,0.1342281879194631,0.03766478342749529,GO:0099081,GO:CC,supramolecular polymer,22097,3342,
query_1,TRUE,1.254774532511421e-6,93,298,12,0.040268456375838924,0.12903225806451613,GO:0042641,GO:CC,actomyosin,22097,1815,
query_1,TRUE,1.6073474733785572e-6,95,298,12,0.040268456375838924,0.12631578947368421,GO:0032432,GO:CC,actin filament bundle,22097,1299,
query_1,TRUE,2.9650644910541917e-6,252,298,18,0.06040268456375839,0.07142857142857142,GO:0043292,GO:CC,contractile fiber,22097,1900,
query_1,TRUE,5.09385223375183e-6,66,298,10,0.03355704697986577,0.15151515151515152,GO:0031093,GO:CC,platelet alpha granule lumen,22097,1048,
query_1,TRUE,8.907784959408088e-6,4,298,4,0.013422818791946308,1,GO:0005862,GO:CC,muscle thin filament tropomyosin,22097,403,
query_1,TRUE,9.768597713745784e-6,242,298,17,0.05704697986577181,0.07024793388429752,GO:0030016,GO:CC,myofibril,22097,864,
query_1,TRUE,2.4276630560021816e-5,5487,298,115,0.3859060402684564,0.020958629487880444,GO:0005829,GO:CC,cytosol,22097,380,
query_1,TRUE,4.9503240095310275e-5,519,298,24,0.08053691275167785,0.046242774566473986,GO:0005911,GO:CC,cell-cell junction,22097,439,
query_1,TRUE,5.1234780334135814e-5,11,298,5,0.016778523489932886,0.45454545454545453,GO:0005885,GO:CC,Arp2/3 protein complex,22097,421,
query_1,TRUE,6.029055746743827e-5,107,298,11,0.03691275167785235,0.102803738317757,GO:0030863,GO:CC,cortical cytoskeleton,22097,979,
query_1,TRUE,8.321585263710966e-5,314,298,18,0.06040268456375839,0.05732484076433121,GO:0005938,GO:CC,cell cortex,22097,460,
query_1,TRUE,8.487291365485511e-5,5742,298,117,0.3926174496644295,0.02037617554858934,GO:0005886,GO:CC,plasma membrane,22097,422,
query_1,TRUE,8.779456584350182e-5,111,298,11,0.03691275167785235,0.0990990990990991,GO:0042470,GO:CC,melanosome,22097,1785,
query_1,TRUE,8.779456584350182e-5,111,298,11,0.03691275167785235,0.0990990990990991,GO:0048770,GO:CC,pigment granule,22097,2241,
query_1,TRUE,1.6009503918221736e-4,1226,298,39,0.13087248322147652,0.03181076672104405,GO:0030659,GO:CC,cytoplasmic vesicle membrane,22097,948,
query_1,TRUE,1.6381587659291147e-4,73,298,9,0.030201342281879196,0.1232876712328767,GO:0030864,GO:CC,cortical actin cytoskeleton,22097,980,
query_1,TRUE,1.8322907019457425e-4,38,298,7,0.02348993288590604,0.18421052631578946,GO:0034358,GO:CC,plasma lipoprotein particle,22097,1467,
query_1,TRUE,1.8322907019457425e-4,38,298,7,0.02348993288590604,0.18421052631578946,GO:1990777,GO:CC,lipoprotein particle,22097,4015,
query_1,TRUE,1.9224935055441928e-4,55,298,8,0.026845637583892617,0.14545454545454545,GO:1904724,GO:CC,tertiary granule lumen,22097,3708,
query_1,TRUE,2.122521521615233e-4,1240,298,39,0.13087248322147652,0.031451612903225803,GO:0012506,GO:CC,vesicle membrane,22097,688,
query_1,TRUE,3.15303221140694e-4,41,298,7,0.02348993288590604,0.17073170731707318,GO:0032994,GO:CC,protein-lipid complex,22097,1343,
query_1,TRUE,4.335295355782077e-4,61,298,8,0.026845637583892617,0.13114754098360656,GO:0035580,GO:CC,specific granule lumen,22097,1626,
query_1,TRUE,4.426703983742476e-4,427,298,20,0.06711409395973154,0.0468384074941452,GO:0031252,GO:CC,cell leading edge,22097,1074,
query_1,TRUE,4.612136378953802e-4,28,298,6,0.020134228187919462,0.21428571428571427,GO:0034364,GO:CC,high-density lipoprotein particle,22097,1473,
query_1,TRUE,5.201130995587146e-4,220,298,14,0.04697986577181208,0.06363636363636363,GO:0030017,GO:CC,sarcomere,22097,865,
query_1,TRUE,6.420715924274156e-4,17,298,5,0.016778523489932886,0.29411764705882354,GO:0031092,GO:CC,platelet alpha granule membrane,22097,1047,
query_1,TRUE,0.0014526529759810696,762,298,27,0.09060402684563758,0.03543307086614173,GO:0000323,GO:CC,lytic vacuole,22097,53,
query_1,TRUE,0.0014526529759810696,762,298,27,0.09060402684563758,0.03543307086614173,GO:0005764,GO:CC,lysosome,22097,332,
query_1,TRUE,0.0015912329742580535,121,298,10,0.03355704697986577,0.08264462809917356,GO:0005884,GO:CC,actin filament,22097,420,
query_1,TRUE,0.0025853167020350462,22,298,5,0.016778523489932886,0.22727272727272727,GO:0005753,GO:CC,mitochondrial proton-transporting ATP synthase complex,22097,322,
query_1,TRUE,0.0027483298728475016,188,298,12,0.040268456375838924,0.06382978723404255,GO:0005912,GO:CC,adherens junction,22097,440,
query_1,TRUE,0.0030202267177808677,2203,298,54,0.18120805369127516,0.02451202905129369,GO:0098588,GO:CC,bounding membrane of organelle,22097,3216,
query_1,TRUE,0.0030838132038470347,57,298,7,0.02348993288590604,0.12280701754385964,GO:0035577,GO:CC,azurophil granule membrane,22097,1623,
query_1,TRUE,0.0032671275503752474,23,298,5,0.016778523489932886,0.21739130434782608,GO:0005865,GO:CC,striated muscle thin filament,22097,405,
query_1,TRUE,0.003724823908492012,3770,298,80,0.2684563758389262,0.021220159151193633,GO:0031090,GO:CC,organelle membrane,22097,1045,
query_1,TRUE,0.0038886951002196535,59,298,7,0.02348993288590604,0.11864406779661017,GO:0098636,GO:CC,protein complex involved in cell adhesion,22097,3224,
query_1,TRUE,0.004071830772017027,807,298,27,0.09060402684563758,0.03345724907063197,GO:0099513,GO:CC,polymeric cytoskeletal fiber,22097,3366,
query_1,TRUE,0.004081522213343952,24,298,5,0.016778523489932886,0.20833333333333334,GO:0045259,GO:CC,proton-transporting ATP synthase complex,22097,2159,
query_1,TRUE,0.0041517585295745675,855,298,28,0.09395973154362416,0.03274853801169591,GO:0005773,GO:CC,vacuole,22097,340,
query_1,TRUE,0.004179601147754419,903,298,29,0.09731543624161074,0.03211517165005537,GO:0009986,GO:CC,cell surface,22097,661,
query_1,TRUE,0.004723139965426716,721,298,25,0.08389261744966443,0.03467406380027739,GO:0098552,GO:CC,side of membrane,22097,3188,
query_1,TRUE,0.005647337868219338,202,298,12,0.040268456375838924,0.0594059405940594,GO:0030027,GO:CC,lamellipodium,22097,867,
query_1,TRUE,0.006924830841724048,143,298,10,0.03355704697986577,0.06993006993006994,GO:0045335,GO:CC,phagocytic vesicle,22097,2188,
query_1,TRUE,0.007499481093615474,27,298,5,0.016778523489932886,0.18518518518518517,GO:0036379,GO:CC,myofilament,22097,1701,
query_1,TRUE,0.008141009697440128,90,298,8,0.026845637583892617,0.08888888888888889,GO:0035579,GO:CC,specific granule membrane,22097,1625,
query_1,TRUE,0.00868656576092608,16808,298,255,0.8557046979865772,0.0151713469776297,GO:0043226,GO:CC,organelle,22097,1878,
query_1,TRUE,0.008822548811094176,91,298,8,0.026845637583892617,0.08791208791208792,GO:0035578,GO:CC,azurophil granule lumen,22097,1624,
query_1,TRUE,0.013957420699830617,15671,298,241,0.8087248322147651,0.015378725033501371,GO:0043227,GO:CC,membrane-bounded organelle,22097,1879,
query_1,TRUE,0.015102302647092137,31,298,5,0.016778523489932886,0.16129032258064516,GO:0002102,GO:CC,podosome,22097,171,
query_1,TRUE,0.01770269436152356,32,298,5,0.016778523489932886,0.15625,GO:0008305,GO:CC,integrin complex,22097,506,
query_1,TRUE,0.020073775127851214,384,298,16,0.053691275167785234,0.041666666666666664,GO:0009897,GO:CC,external side of plasma membrane,22097,654,
query_1,TRUE,0.021676970581720273,346,298,15,0.050335570469798654,0.04335260115606936,GO:0030139,GO:CC,endocytic vesicle,22097,914,
query_1,TRUE,0.02356182601735387,54,298,6,0.020134228187919462,0.1111111111111111,GO:0016469,GO:CC,proton-transporting two-sector ATPase complex,22097,743,
query_1,TRUE,0.03079079797768782,81,298,7,0.02348993288590604,0.08641975308641975,GO:0030670,GO:CC,phagocytic vesicle membrane,22097,958,
query_1,TRUE,0.035529033428362534,8,298,3,0.010067114093959731,0.375,GO:0008290,GO:CC,F-actin capping protein complex,22097,504,
query_1,TRUE,0.035529033428362534,8,298,3,0.010067114093959731,0.375,GO:0005577,GO:CC,fibrinogen complex,22097,199,
query_1,TRUE,0.047816278463013506,180,298,10,0.03355704697986577,0.05555555555555555,GO:0031256,GO:CC,leading edge membrane,22097,1078,
query_1,TRUE,7.13881230898407e-18,561,299,45,0.1505016722408027,0.08021390374331551,GO:0050839,GO:MF,cell adhesion molecule binding,20212,7918,
query_1,TRUE,1.2614721494127778e-13,14838,299,275,0.919732441471572,0.018533495080199486,GO:0005515,GO:MF,protein binding,20212,1492,
query_1,TRUE,1.1084378368029912e-11,443,299,33,0.11036789297658862,0.0744920993227991,GO:0003779,GO:MF,actin binding,20212,361,
query_1,TRUE,3.045276702440167e-11,113,299,18,0.06020066889632107,0.1592920353982301,GO:0005200,GO:MF,structural constituent of cytoskeleton,20212,1349,
query_1,TRUE,3.148501727200037e-11,208,299,23,0.07692307692307693,0.11057692307692307,GO:0051015,GO:MF,actin filament binding,20212,7930,
query_1,TRUE,2.847297387459977e-9,335,299,26,0.08695652173913043,0.07761194029850746,GO:0045296,GO:MF,cadherin binding,20212,6083,
query_1,TRUE,5.1083360443942406e-9,1501,299,58,0.1939799331103679,0.038640906062624915,GO:0005102,GO:MF,signaling receptor binding,20212,1277,
query_1,TRUE,1.0677457380994173e-8,158,299,18,0.06020066889632107,0.11392405063291139,GO:0005178,GO:MF,integrin binding,20212,1341,
query_1,TRUE,2.314252848512682e-8,1100,299,47,0.15719063545150502,0.042727272727272725,GO:0005198,GO:MF,structural molecule activity,20212,1347,
query_1,TRUE,4.367444511627241e-8,1002,299,44,0.14715719063545152,0.043912175648702596,GO:0008092,GO:MF,cytoskeletal protein binding,20212,1544,
query_1,TRUE,9.657346571732533e-8,1752,299,61,0.2040133779264214,0.034817351598173514,GO:0044877,GO:MF,protein-containing complex binding,20212,6047,
query_1,TRUE,2.672185652946725e-5,412,299,23,0.07692307692307693,0.055825242718446605,GO:0019001,GO:MF,guanyl nucleotide binding,20212,3580,
query_1,TRUE,2.672185652946725e-5,412,299,23,0.07692307692307693,0.055825242718446605,GO:0032561,GO:MF,guanyl ribonucleotide binding,20212,4459,
query_1,TRUE,4.5668340666921326e-5,391,299,22,0.07357859531772576,0.056265984654731455,GO:0005525,GO:MF,GTP binding,20212,1501,
query_1,TRUE,6.862407857485085e-5,335,299,20,0.06688963210702341,0.05970149253731343,GO:0003924,GO:MF,GTPase activity,20212,448,
query_1,TRUE,1.0793122780401505e-4,44,299,8,0.026755852842809364,0.18181818181818182,GO:0003925,GO:MF,G protein activity,20212,449,
query_1,TRUE,1.8781734303594804e-4,18370,299,293,0.979933110367893,0.015949918345127927,GO:0005488,GO:MF,binding,20212,1480,
query_1,TRUE,5.204063837591234e-4,2162,299,60,0.20066889632107024,0.027752081406105456,GO:0042802,GO:MF,identical protein binding,20212,5644,
query_1,TRUE,9.272940860057305e-4,2304,299,62,0.20735785953177258,0.026909722222222224,GO:0097367,GO:MF,carbohydrate derivative binding,20212,9101,
query_1,TRUE,0.0011583141661005503,42,299,7,0.023411371237458192,0.16666666666666666,GO:0008307,GO:MF,structural constituent of muscle,20212,1648,
query_1,TRUE,0.0042541925755891444,10,299,4,0.013377926421404682,0.4,GO:0050786,GO:MF,RAGE receptor binding,20212,7910,
query_1,TRUE,0.005314357593478116,21,299,5,0.016722408026755852,0.23809523809523808,GO:0001846,GO:MF,opsonin binding,20212,254,
query_1,TRUE,0.0066072997876936495,11,299,4,0.013377926421404682,0.36363636363636365,GO:0001851,GO:MF,complement component C3b binding,20212,259,
query_1,TRUE,0.016168301988285026,26,299,5,0.016722408026755852,0.19230769230769232,GO:0001848,GO:MF,complement binding,20212,256,
query_1,TRUE,0.017803609634407223,734,299,26,0.08695652173913043,0.035422343324250684,GO:0017111,GO:MF,ribonucleoside triphosphate phosphatase activity,20212,3149,
query_1,TRUE,0.018702312744649358,167,299,11,0.03678929765886288,0.0658682634730539,GO:0005201,GO:MF,extracellular matrix structural constituent,20212,1350,
query_1,TRUE,0.027193765634322378,174,299,11,0.03678929765886288,0.06321839080459771,GO:0003823,GO:MF,antigen binding,20212,367,
query_1,TRUE,0.027233533547648233,67,299,7,0.023411371237458192,0.1044776119402985,GO:0098631,GO:MF,cell adhesion mediator activity,20212,9166,
query_1,TRUE,0.02814757925070494,29,299,5,0.016722408026755852,0.1724137931034483,GO:0001968,GO:MF,fibronectin binding,20212,286,
query_1,TRUE,0.028712781180390928,6,299,3,0.010033444816053512,0.5,GO:0070051,GO:MF,fibrinogen binding,20212,8602,
query_1,TRUE,0.03946589163963793,726,299,25,0.08361204013377926,0.03443526170798898,GO:0005509,GO:MF,calcium ion binding,20212,1491,
query_1,TRUE,0.04183681930131416,2063,299,52,0.17391304347826086,0.025206010664081433,GO:0098772,GO:MF,molecular function regulator activity,20212,9183,
query_1,TRUE,0.04731282363668992,73,299,7,0.023411371237458192,0.0958904109589041,GO:0019003,GO:MF,GDP binding,20212,3582,
query_1,TRUE,3.826665060742458e-6,29,98,9,0.09183673469387756,0.3103448275862069,HP:0011876,HP,Abnormal platelet volume,4958,8272,
query_1,TRUE,8.082014197166988e-5,1442,98,54,0.5510204081632653,0.03744798890429958,HP:0001871,HP,Abnormality of blood and blood-forming tissues,4958,1352,
query_1,TRUE,1.3081825688278576e-4,13,98,6,0.061224489795918366,0.46153846153846156,HP:0030137,HP,Prolonged bleeding following circumcision,4958,10272,
query_1,TRUE,4.16408993188208e-4,24,98,7,0.07142857142857142,0.2916666666666667,HP:0011877,HP,Increased mean platelet volume,4958,8273,
query_1,TRUE,0.0022226667383557384,30,98,7,0.07142857142857142,0.23333333333333334,HP:0011890,HP,Prolonged bleeding following procedure,4958,8286,
query_1,TRUE,0.003222071140216867,12,98,5,0.05102040816326531,0.4166666666666667,HP:0040185,HP,Macrothrombocytopenia,4958,15164,
query_1,TRUE,0.004443220364217331,33,98,7,0.07142857142857142,0.21212121212121213,HP:0000132,HP,Menorrhagia,4958,114,
query_1,TRUE,0.00800367844578688,7,98,4,0.04081632653061224,0.5714285714285714,HP:0011871,HP,Impaired ristocetin-induced platelet aggregation,4958,8267,
query_1,TRUE,0.010546518499829606,174,98,14,0.14285714285714285,0.08045977011494253,HP:0000978,HP,Bruising susceptibility,4958,767,
query_1,TRUE,0.01155385597868468,253,98,17,0.17346938775510204,0.06719367588932806,HP:0001933,HP,Subcutaneous hemorrhage,4958,1403,
query_1,TRUE,0.012487084585654926,3,98,3,0.030612244897959183,1,HP:0031128,HP,Impaired collagen-related peptide-induced platelet aggregation,4958,11200,
query_1,TRUE,0.014371597865446312,469,98,24,0.24489795918367346,0.0511727078891258,HP:0001872,HP,Abnormality of thrombocytes,4958,1353,
query_1,TRUE,0.016499020429459662,55,98,8,0.08163265306122448,0.14545454545454545,HP:0031364,HP,Ecchymosis,4958,11425,
query_1,TRUE,0.016686437567421268,16,98,5,0.05102040816326531,0.3125,HP:0004846,HP,Prolonged bleeding after surgery,4958,3312,
query_1,TRUE,0.037927644779947305,100,98,10,0.10204081632653061,0.1,HP:0000421,HP,Epistaxis,4958,326,
query_1,TRUE,0.04893933648246998,125,98,11,0.11224489795918367,0.088,HP:0000979,HP,Purpura,4958,768,
query_1,TRUE,2.399956210448181e-9,699,231,45,0.19480519480519481,0.06437768240343347,HPA:0461442,HPA,skin 1; fibrohistiocytic cells[≥Medium],11019,653,
query_1,TRUE,6.304124575790186e-9,833,231,49,0.21212121212121213,0.058823529411764705,HPA:0471442,HPA,skin 2; fibrohistiocytic cells[≥Medium],11019,705,
query_1,TRUE,2.6698261210428077e-8,408,231,32,0.13852813852813853,0.0784313725490196,HPA:0461443,HPA,skin 1; fibrohistiocytic cells[High],11019,654,
query_1,TRUE,4.876292394101781e-8,467,231,34,0.1471861471861472,0.0728051391862955,HPA:0471443,HPA,skin 2; fibrohistiocytic cells[High],11019,706,
query_1,TRUE,8.800380766776193e-8,1021,231,53,0.22943722943722944,0.05190989226248776,HPA:0471441,HPA,skin 2; fibrohistiocytic cells[≥Low],11019,704,
query_1,TRUE,1.7288922467815827e-7,885,231,48,0.2077922077922078,0.05423728813559322,HPA:0461441,HPA,skin 1; fibrohistiocytic cells[≥Low],11019,652,
query_1,TRUE,2.2118259138162347e-7,574,231,37,0.16017316017316016,0.06445993031358885,HPA:0461472,HPA,skin 1; lymphocytes[≥Medium],11019,665,
query_1,TRUE,7.410571729313614e-7,1453,231,64,0.27705627705627706,0.0440467997247075,HPA:0040083,HPA,bone marrow; hematopoietic cells[High],11019,53,
query_1,TRUE,1.4348107733647745e-6,881,231,46,0.19913419913419914,0.05221339387060159,HPA:0461391,HPA,skin 1; cells in basal layer[≥Low],11019,628,
query_1,TRUE,1.7688527551995599e-6,456,231,31,0.1341991341991342,0.06798245614035088,HPA:0471473,HPA,skin 2; lymphocytes[High],11019,715,
query_1,TRUE,3.200697603995951e-6,662,231,38,0.1645021645021645,0.05740181268882175,HPA:0471462,HPA,skin 2; langerhans cells[≥Medium],11019,711,
query_1,TRUE,3.759301219122853e-6,637,231,37,0.16017316017316016,0.058084772370486655,HPA:0461392,HPA,skin 1; cells in basal layer[≥Medium],11019,629,
query_1,TRUE,5.444672523439921e-6,888,231,45,0.19480519480519481,0.05067567567567568,HPA:0470201,HPA,skin 2; endothelial cells[≥Low],11019,695,
query_1,TRUE,5.6746153624578225e-6,647,231,37,0.16017316017316016,0.0571870170015456,HPA:0471472,HPA,skin 2; lymphocytes[≥Medium],11019,714,
query_1,TRUE,8.410442443639181e-6,716,231,39,0.16883116883116883,0.05446927374301676,HPA:0461461,HPA,skin 1; langerhans cells[≥Low],11019,661,
query_1,TRUE,1.160862408291314e-5,578,231,34,0.1471861471861472,0.058823529411764705,HPA:0461462,HPA,skin 1; langerhans cells[≥Medium],11019,662,
query_1,TRUE,1.1878200419157389e-5,817,231,42,0.18181818181818182,0.051407588739290085,HPA:0530713,HPA,spleen; cells in red pulp[High],11019,778,
query_1,TRUE,1.5592644347254903e-5,394,231,27,0.11688311688311688,0.06852791878172589,HPA:0461473,HPA,skin 1; lymphocytes[High],11019,666,
query_1,TRUE,1.7741861668982255e-5,321,231,24,0.1038961038961039,0.07476635514018691,HPA:0470203,HPA,skin 2; endothelial cells[High],11019,697,
query_1,TRUE,2.139498377445861e-5,962,231,46,0.19913419913419914,0.04781704781704782,HPA:0471391,HPA,skin 2; cells in basal layer[≥Low],11019,680,
query_1,TRUE,2.22294008814312e-5,712,231,38,0.1645021645021645,0.05337078651685393,HPA:0461471,HPA,skin 1; lymphocytes[≥Low],11019,664,
query_1,TRUE,2.3829914714409328e-5,189,231,18,0.07792207792207792,0.09523809523809523,HPA:0461492,HPA,skin 1; vascular mural cells[≥Medium],11019,674,
query_1,TRUE,2.68212377611337e-5,841,231,42,0.18181818181818182,0.04994054696789536,HPA:0460201,HPA,skin 1; endothelial cells[≥Low],11019,643,
query_1,TRUE,3.1587659917169556e-5,5333,231,151,0.6536796536796536,0.028314269641852616,HPA:0530711,HPA,spleen; cells in red pulp[≥Low],11019,776,
query_1,TRUE,3.351144211008229e-5,754,231,39,0.16883116883116883,0.05172413793103448,HPA:0471392,HPA,skin 2; cells in basal layer[≥Medium],11019,681,
query_1,TRUE,4.127163651811083e-5,760,231,39,0.16883116883116883,0.05131578947368421,HPA:0461411,HPA,skin 1; cells in spinous layer[≥Low],11019,637,
query_1,TRUE,5.937515432816783e-5,802,231,40,0.17316017316017315,0.04987531172069826,HPA:0471471,HPA,skin 2; lymphocytes[≥Low],11019,713,
query_1,TRUE,6.993786856275312e-5,683,231,36,0.15584415584415584,0.0527086383601757,HPA:0471412,HPA,skin 2; cells in spinous layer[≥Medium],11019,690,
query_1,TRUE,7.052155465495694e-5,871,231,42,0.18181818181818182,0.04822043628013777,HPA:0471411,HPA,skin 2; cells in spinous layer[≥Low],11019,689,
query_1,TRUE,7.73251799766234e-5,322,231,23,0.09956709956709957,0.07142857142857142,HPA:0291163,HPA,liver; cholangiocytes[High],11019,439,
query_1,TRUE,1.0895533014802033e-4,789,231,39,0.16883116883116883,0.049429657794676805,HPA:0471461,HPA,skin 2; langerhans cells[≥Low],11019,710,
query_1,TRUE,2.1192884785249167e-4,593,231,32,0.13852813852813853,0.05396290050590219,HPA:0460202,HPA,skin 1; endothelial cells[≥Medium],11019,644,
query_1,TRUE,2.1452546502847224e-4,242,231,19,0.08225108225108226,0.07851239669421488,HPA:0461491,HPA,skin 1; vascular mural cells[≥Low],11019,673,
query_1,TRUE,2.324319537854137e-4,317,231,22,0.09523809523809523,0.0694006309148265,HPA:0460203,HPA,skin 1; endothelial cells[High],11019,645,
query_1,TRUE,2.598847413594194e-4,3143,231,100,0.4329004329004329,0.03181673560292714,HPA:0530712,HPA,spleen; cells in red pulp[≥Medium],11019,777,
query_1,TRUE,3.4772605905402884e-4,637,231,33,0.14285714285714285,0.05180533751962323,HPA:0470202,HPA,skin 2; endothelial cells[≥Medium],11019,696,
query_1,TRUE,6.06506017909088e-4,592,231,31,0.1341991341991342,0.052364864864864864,HPA:0461412,HPA,skin 1; cells in spinous layer[≥Medium],11019,638,
query_1,TRUE,6.265070070853806e-4,5893,231,158,0.683982683982684,0.02681147123706092,HPA:0530000,HPA,spleen,11019,775,
query_1,TRUE,7.608965517294242e-4,192,231,16,0.06926406926406926,0.08333333333333333,HPA:0471492,HPA,skin 2; vascular mural cells[≥Medium],11019,723,
query_1,TRUE,8.349068935514913e-4,129,231,13,0.05627705627705628,0.10077519379844961,HPA:0471493,HPA,skin 2; vascular mural cells[High],11019,724,
query_1,TRUE,0.0010916560986081445,640,231,32,0.13852813852813853,0.05,HPA:0470672,HPA,skin 2; melanocytes[≥Medium],11019,717,
query_1,TRUE,0.001388549156119434,135,231,13,0.05627705627705628,0.0962962962962963,HPA:0461493,HPA,skin 1; vascular mural cells[High],11019,675,
query_1,TRUE,0.0014727797725514415,944,231,41,0.1774891774891775,0.04343220338983051,HPA:0310433,HPA,lymph node; germinal center cells[High],11019,462,
query_1,TRUE,0.002503993209884358,187,231,15,0.06493506493506493,0.08021390374331551,HPA:0461422,HPA,skin 1; eccrine glands[≥Medium],11019,641,
query_1,TRUE,0.00331619661574987,240,231,17,0.0735930735930736,0.07083333333333333,HPA:0471491,HPA,skin 2; vascular mural cells[≥Low],11019,722,
query_1,TRUE,0.003421885567870068,266,231,18,0.07792207792207792,0.06766917293233082,HPA:0471463,HPA,skin 2; langerhans cells[High],11019,712,
query_1,TRUE,0.004130648657604242,296,231,19,0.08225108225108226,0.06418918918918919,HPA:0471393,HPA,skin 2; cells in basal layer[High],11019,682,
query_1,TRUE,0.004551554546964778,89,231,10,0.04329004329004329,0.11235955056179775,HPA:0461423,HPA,skin 1; eccrine glands[High],11019,642,
query_1,TRUE,0.0045792354921717765,246,231,17,0.0735930735930736,0.06910569105691057,HPA:0461421,HPA,skin 1; eccrine glands[≥Low],11019,640,
query_1,TRUE,0.005086922665522885,248,231,17,0.0735930735930736,0.06854838709677419,HPA:0471413,HPA,skin 2; cells in spinous layer[High],11019,691,
query_1,TRUE,0.005086922665522885,248,231,17,0.0735930735930736,0.06854838709677419,HPA:0470183,HPA,skin 2; cells in granular layer[High],11019,688,
query_1,TRUE,0.005086922665522885,248,231,17,0.0735930735930736,0.06854838709677419,HPA:0460183,HPA,skin 1; cells in granular layer[High],11019,636,
query_1,TRUE,0.005471125814845256,357,231,21,0.09090909090909091,0.058823529411764705,HPA:0470673,HPA,skin 2; melanocytes[High],11019,718,
query_1,TRUE,0.0063572155032047845,4256,231,120,0.5194805194805194,0.02819548872180451,HPA:0040082,HPA,bone marrow; hematopoietic cells[≥Medium],11019,52,
query_1,TRUE,0.006876461838759653,3989,231,114,0.4935064935064935,0.02857859112559539,HPA:0310442,HPA,lymph node; non-germinal center cells[≥Medium],11019,464,
query_1,TRUE,0.011363852552387305,1209,231,46,0.19913419913419914,0.0380479735318445,HPA:0310443,HPA,lymph node; non-germinal center cells[High],11019,465,
query_1,TRUE,0.01183936493765781,558,231,27,0.11688311688311688,0.04838709677419355,HPA:0460182,HPA,skin 1; cells in granular layer[≥Medium],11019,635,
query_1,TRUE,0.013136286794563499,724,231,32,0.13852813852813853,0.04419889502762431,HPA:0470671,HPA,skin 2; melanocytes[≥Low],11019,716,
query_1,TRUE,0.013391432386809378,562,231,27,0.11688311688311688,0.04804270462633452,HPA:0470182,HPA,skin 2; cells in granular layer[≥Medium],11019,687,
query_1,TRUE,0.013688759389999926,191,231,14,0.06060606060606061,0.07329842931937172,HPA:0461393,HPA,skin 1; cells in basal layer[High],11019,630,
query_1,TRUE,0.01529515012333235,218,231,15,0.06493506493506493,0.06880733944954129,HPA:0461463,HPA,skin 1; langerhans cells[High],11019,663,
query_1,TRUE,0.022235959496207224,847,231,35,0.15151515151515152,0.04132231404958678,HPA:0530723,HPA,spleen; cells in white pulp[High],11019,781,
query_1,TRUE,0.02250453678232298,711,231,31,0.1341991341991342,0.04360056258790436,HPA:0460181,HPA,skin 1; cells in granular layer[≥Low],11019,634,
query_1,TRUE,0.02937288796491387,4200,231,116,0.5021645021645021,0.02761904761904762,HPA:0600442,HPA,tonsil; non-germinal center cells[≥Medium],11019,847,
query_1,TRUE,0.03054746922798546,90,231,9,0.03896103896103896,0.1,HPA:0471402,HPA,skin 2; cells in corneal layer[≥Medium],11019,684,
query_1,TRUE,9.470097057745006e-7,124,185,16,0.08648648648648649,0.12903225806451613,KEGG:04611,KEGG,Platelet activation,8484,321,
query_1,TRUE,2.609306185802786e-6,170,185,18,0.0972972972972973,0.10588235294117647,KEGG:04530,KEGG,Tight junction,8484,317,
query_1,TRUE,4.8328404659337855e-6,197,185,19,0.10270270270270271,0.09644670050761421,KEGG:05130,KEGG,Pathogenic Escherichia coli infection,8484,427,
query_1,TRUE,9.315628343905903e-5,193,185,17,0.0918918918918919,0.08808290155440414,KEGG:04814,KEGG,Motor proteins,8484,366,
query_1,TRUE,5.882162389812244e-4,77,185,10,0.05405405405405406,0.12987012987012986,KEGG:05100,KEGG,Bacterial invasion of epithelial cells,8484,423,
query_1,TRUE,7.869481711331232e-4,202,185,16,0.08648648648648649,0.07920792079207921,KEGG:04510,KEGG,Focal adhesion,8484,313,
query_1,TRUE,8.593561158561324e-4,227,185,17,0.0918918918918919,0.07488986784140969,KEGG:04810,KEGG,Regulation of actin cytoskeleton,8484,365,
query_1,TRUE,0.0016022902443367261,86,185,10,0.05405405405405406,0.11627906976744186,KEGG:04610,KEGG,Complement and coagulation cascades,8484,320,
query_1,TRUE,0.0021745346224382204,89,185,10,0.05405405405405406,0.11235955056179775,KEGG:04512,KEGG,ECM-receptor interaction,8484,314,
query_1,TRUE,0.0024625275203591186,246,185,17,0.0918918918918919,0.06910569105691057,KEGG:05131,KEGG,Shigellosis,8484,428,
query_1,TRUE,0.004625831354688293,97,185,10,0.05405405405405406,0.10309278350515463,KEGG:05410,KEGG,Hypertrophic cardiomyopathy,8484,489,
query_1,TRUE,0.006554122281891249,101,185,10,0.05405405405405406,0.09900990099009901,KEGG:05146,KEGG,Amoebiasis,8484,438,
query_1,TRUE,0.007131053682201429,102,185,10,0.05405405405405406,0.09803921568627451,KEGG:05414,KEGG,Dilated cardiomyopathy,8484,491,
query_1,TRUE,0.008321078184926452,147,185,12,0.06486486486486487,0.08163265306122448,KEGG:04145,KEGG,Phagosome,8484,281,
query_1,TRUE,0.010266835647269126,249,185,16,0.08648648648648649,0.0642570281124498,KEGG:05132,KEGG,Salmonella infection,8484,429,
query_1,TRUE,0.021129123086685558,265,185,16,0.08648648648648649,0.06037735849056604,KEGG:05012,KEGG,Parkinson disease,8484,412,
query_1,TRUE,0.02724676896001424,271,185,16,0.08648648648648649,0.05904059040590406,KEGG:05020,KEGG,Prion disease,8484,416,
query_1,TRUE,0.03453584463629112,305,185,17,0.0918918918918919,0.05573770491803279,KEGG:05016,KEGG,Huntington disease,8484,414,
query_1,TRUE,2.290259701893857e-4,132,248,13,0.05241935483870968,0.09848484848484848,MIRNA:hsa-miR-133a-3p,MIRNA,hsa-miR-133a-3p,14819,231,
query_1,TRUE,0.0034430050665986227,580,248,26,0.10483870967741936,0.04482758620689655,MIRNA:hsa-miR-320a,MIRNA,hsa-miR-320a,14819,666,
query_1,TRUE,0.00803563621442113,921,248,34,0.13709677419354838,0.03691639522258415,MIRNA:hsa-miR-1-3p,MIRNA,hsa-miR-1-3p,14819,35,
query_1,TRUE,0.009477100419931108,434,248,21,0.0846774193548387,0.04838709677419355,MIRNA:hsa-miR-744-5p,MIRNA,hsa-miR-744-5p,14819,2463,
query_1,TRUE,0.012253777757045224,407,248,20,0.08064516129032258,0.04914004914004914,MIRNA:hsa-miR-197-3p,MIRNA,hsa-miR-197-3p,14819,369,
query_1,TRUE,0.017271613540856198,598,248,25,0.10080645161290322,0.04180602006688963,MIRNA:hsa-miR-877-3p,MIRNA,hsa-miR-877-3p,14819,2557,
query_1,TRUE,8.339137302053909e-21,476,238,53,0.22268907563025211,0.11134453781512606,REAC:R-HSA-6798695,REAC,Neutrophil degranulation,10842,1549,
query_1,TRUE,2.066563421917666e-20,258,238,40,0.16806722689075632,0.15503875968992248,REAC:R-HSA-76002,REAC,"Platelet activation, signaling and aggregation",10842,1712,
query_1,TRUE,2.2554809803691913e-19,1101,238,78,0.3277310924369748,0.07084468664850137,REAC:R-HSA-168249,REAC,Innate Immune System,10842,1170,
query_1,TRUE,3.3288681798071533e-18,672,238,59,0.24789915966386555,0.08779761904761904,REAC:R-HSA-109582,REAC,Hemostasis,10842,1085,
query_1,TRUE,5.1398373064763115e-17,125,238,27,0.1134453781512605,0.216,REAC:R-HSA-114608,REAC,Platelet degranulation ,10842,1714,
query_1,TRUE,1.52745326751129e-16,130,238,27,0.1134453781512605,0.2076923076923077,REAC:R-HSA-76005,REAC,Response to elevated platelet cytosolic Ca2+,10842,2023,
query_1,TRUE,4.221281735600762e-14,2052,238,100,0.42016806722689076,0.04873294346978557,REAC:R-HSA-168256,REAC,Immune System,10842,1136,
query_1,TRUE,2.185112999329427e-6,72,238,13,0.0546218487394958,0.18055555555555555,REAC:R-HSA-1445148,REAC,Translocation of SLC2A4 (GLUT4) to the plasma membrane,10842,2501,
query_1,TRUE,2.9077427718608027e-6,38,238,10,0.04201680672268908,0.2631578947368421,REAC:R-HSA-8950505,REAC,Gene and protein expression by JAK-STAT signaling after Interleukin-12 stimulation,10842,1010,
query_1,TRUE,2.609942078783201e-5,26,238,8,0.03361344537815126,0.3076923076923077,REAC:R-HSA-389960,REAC,Formation of tubulin folding intermediates by CCT/TriC,10842,943,
query_1,TRUE,2.677932579267771e-5,47,238,10,0.04201680672268908,0.2127659574468085,REAC:R-HSA-9020591,REAC,Interleukin-12 signaling,10842,1202,
query_1,TRUE,6.411899887714523e-5,111,238,14,0.058823529411764705,0.12612612612612611,REAC:R-HSA-166658,REAC,Complement cascade,10842,377,
query_1,TRUE,6.500486490250166e-5,319,238,24,0.10084033613445378,0.07523510971786834,REAC:R-HSA-195258,REAC,RHO GTPase Effectors,10842,1795,
query_1,TRUE,1.46784912346436e-4,43,238,9,0.037815126050420166,0.20930232558139536,REAC:R-HSA-445355,REAC,Smooth Muscle Contraction,10842,2265,
query_1,TRUE,1.6523938442697907e-4,574,238,33,0.13865546218487396,0.05749128919860627,REAC:R-HSA-9675108,REAC,Nervous system development,10842,1536,
query_1,TRUE,1.8422503497868942e-4,57,238,10,0.04201680672268908,0.17543859649122806,REAC:R-HSA-447115,REAC,Interleukin-12 family signaling,10842,1201,
query_1,TRUE,1.8705873208696376e-4,549,238,32,0.13445378151260504,0.058287795992714025,REAC:R-HSA-422475,REAC,Axon guidance,10842,189,
query_1,TRUE,2.0308636878100153e-4,33,238,8,0.03361344537815126,0.24242424242424243,REAC:R-HSA-389958,REAC,Cooperation of Prefoldin and TriC/CCT  in actin and tubulin folding,10842,396,
query_1,TRUE,2.1841913693829748e-4,15,238,6,0.025210084033613446,0.4,REAC:R-HSA-75892,REAC,Platelet Adhesion to exposed collagen,10842,1710,
query_1,TRUE,2.448730424950254e-4,1767,238,69,0.28991596638655465,0.03904923599320883,REAC:R-HSA-1643685,REAC,Disease,10842,721,
query_1,TRUE,3.168997339607992e-4,91,238,12,0.05042016806722689,0.13186813186813187,REAC:R-HSA-390466,REAC,Chaperonin-mediated protein folding,10842,337,
query_1,TRUE,5.331710825947261e-4,113,238,13,0.0546218487394958,0.11504424778761062,REAC:R-HSA-9664417,REAC,Leishmania phagocytosis,10842,1277,
query_1,TRUE,5.331710825947261e-4,113,238,13,0.0546218487394958,0.11504424778761062,REAC:R-HSA-9664407,REAC,Parasite infection,10842,1666,
query_1,TRUE,5.331710825947261e-4,113,238,13,0.0546218487394958,0.11504424778761062,REAC:R-HSA-9664422,REAC,FCGR3A-mediated phagocytosis,10842,868,
query_1,TRUE,5.607715946074386e-4,215,238,18,0.07563025210084033,0.08372093023255814,REAC:R-HSA-9658195,REAC,Leishmania infection,10842,1275,
query_1,TRUE,5.607715946074386e-4,215,238,18,0.07563025210084033,0.08372093023255814,REAC:R-HSA-9824443,REAC,Parasitic Infection Pathways,10842,1667,
query_1,TRUE,7.124294322960739e-4,98,238,12,0.05042016806722689,0.12244897959183673,REAC:R-HSA-391251,REAC,Protein folding,10842,1761,
query_1,TRUE,7.664839679029308e-4,18,238,6,0.025210084033613446,0.3333333333333333,REAC:R-HSA-446353,REAC,Cell-extracellular matrix interactions,10842,323,
query_1,TRUE,9.528123251460215e-4,53,238,9,0.037815126050420166,0.16981132075471697,REAC:R-HSA-6811436,REAC,COPI-independent Golgi-to-ER retrograde traffic,10842,270,
query_1,TRUE,0.0010739754590563544,999,238,45,0.18907563025210083,0.04504504504504504,REAC:R-HSA-5663205,REAC,Infectious disease,10842,1149,
query_1,TRUE,0.001213887756757666,718,238,36,0.15126050420168066,0.05013927576601671,REAC:R-HSA-5653656,REAC,Vesicle-mediated transport,10842,2567,
query_1,TRUE,0.0015388171096864134,124,238,13,0.0546218487394958,0.10483870967741936,REAC:R-HSA-381426,REAC,Regulation of Insulin-like Growth Factor (IGF) transport and uptake by Insulin-like Growth Factor Binding Proteins (IGFBPs),10842,1930,
query_1,TRUE,0.0015423813329172513,20,238,6,0.025210084033613446,0.3,REAC:R-HSA-190840,REAC,Microtubule-dependent trafficking of connexons from Golgi to the plasma membrane,10842,1406,
query_1,TRUE,0.001935491019836506,702,238,35,0.14705882352941177,0.04985754985754986,REAC:R-HSA-194315,REAC,Signaling by Rho GTPases,10842,2234,
query_1,TRUE,0.0021045682859751193,44,238,8,0.03361344537815126,0.18181818181818182,REAC:R-HSA-9646399,REAC,Aggrephagy,10842,124,
query_1,TRUE,0.0021198836878141146,21,238,6,0.025210084033613446,0.2857142857142857,REAC:R-HSA-190872,REAC,Transport of connexons to the plasma membrane,10842,2515,
query_1,TRUE,0.002322825864840202,32,238,7,0.029411764705882353,0.21875,REAC:R-HSA-9668328,REAC,Sealing of the nuclear envelope (NE) by ESCRT-III,10842,2117,
query_1,TRUE,0.002322825864840202,32,238,7,0.029411764705882353,0.21875,REAC:R-HSA-5626467,REAC,RHO GTPases activate IQGAPs,10842,1803,
query_1,TRUE,0.003092630067079744,717,238,35,0.14705882352941177,0.04881450488145049,REAC:R-HSA-9716542,REAC,"Signaling by Rho GTPases, Miro GTPases and RHOBTB3",10842,2235,
query_1,TRUE,0.0040800908148226345,14,238,5,0.02100840336134454,0.35714285714285715,REAC:R-HSA-354194,REAC,GRB2:SOS provides linkage to MAPK signaling for Integrins ,10842,992,
query_1,TRUE,0.004257199964264179,116,238,12,0.05042016806722689,0.10344827586206896,REAC:R-HSA-2029482,REAC,Regulation of actin dynamics for phagocytic cup formation,10842,1958,
query_1,TRUE,0.004975368375428146,24,238,6,0.025210084033613446,0.25,REAC:R-HSA-389977,REAC,Post-chaperonin tubulin folding pathway,10842,1723,
query_1,TRUE,0.005345387883238625,36,238,7,0.029411764705882353,0.19444444444444445,REAC:R-HSA-390522,REAC,Striated Muscle Contraction,10842,2284,
query_1,TRUE,0.005900308162201664,140,238,13,0.0546218487394958,0.09285714285714286,REAC:R-HSA-2029480,REAC,Fcgamma receptor (FCGR) dependent phagocytosis,10842,908,
query_1,TRUE,0.006010926653764819,15,238,5,0.02100840336134454,0.3333333333333333,REAC:R-HSA-372708,REAC,p130Cas linkage to MAPK signaling for integrins,10842,2637,
query_1,TRUE,0.006195100630410974,101,238,11,0.046218487394957986,0.10891089108910891,REAC:R-HSA-977606,REAC,Regulation of Complement cascade,10842,1920,
query_1,TRUE,0.007784670095241961,38,238,7,0.029411764705882353,0.18421052631578946,REAC:R-HSA-76009,REAC,Platelet Aggregation (Plug Formation),10842,1711,
query_1,TRUE,0.009311878465355443,39,238,7,0.029411764705882353,0.1794871794871795,REAC:R-HSA-5674135,REAC,MAP2K and MAPK activation,10842,1308,
query_1,TRUE,0.011078167371256279,40,238,7,0.029411764705882353,0.175,REAC:R-HSA-3928662,REAC,EPHB-mediated forward signaling,10842,794,
query_1,TRUE,0.012937890153869074,28,238,6,0.025210084033613446,0.21428571428571427,REAC:R-HSA-389957,REAC,Prefoldin mediated transfer of substrate  to CCT/TriC,10842,1738,
query_1,TRUE,0.012937890153869074,28,238,6,0.025210084033613446,0.21428571428571427,REAC:R-HSA-9619483,REAC,Activation of AMPK downstream of NMDARs,10842,70,
query_1,TRUE,0.012949733258960275,90,238,10,0.04201680672268908,0.1111111111111111,REAC:R-HSA-2682334,REAC,EPH-Ephrin signaling,10842,791,
query_1,TRUE,0.015345461372319657,57,238,8,0.03361344537815126,0.14035087719298245,REAC:R-HSA-3371497,REAC,HSP90 chaperone cycle for steroid hormone receptors (SHR) in the presence of ligand,10842,1078,
query_1,TRUE,0.01709105362780399,133,238,12,0.05042016806722689,0.09022556390977443,REAC:R-HSA-8856688,REAC,Golgi-to-ER retrograde transport,10842,1052,
query_1,TRUE,0.019006158637007376,471,238,25,0.10504201680672269,0.05307855626326964,REAC:R-HSA-449147,REAC,Signaling by Interleukins,10842,2193,
query_1,TRUE,0.020235656517035055,624,238,30,0.12605042016806722,0.04807692307692308,REAC:R-HSA-199991,REAC,Membrane Trafficking,10842,1369,
query_1,TRUE,0.0346968799919327,33,238,6,0.025210084033613446,0.18181818181818182,REAC:R-HSA-70263,REAC,Gluconeogenesis,10842,1020,
query_1,TRUE,0.03656693871894672,21,238,5,0.02100840336134454,0.23809523809523808,REAC:R-HSA-5686938,REAC,Regulation of TLR by endogenous ligand,10842,1948,
query_1,TRUE,0.03682697551601079,190,238,14,0.058823529411764705,0.07368421052631578,REAC:R-HSA-202733,REAC,Cell surface interactions at the vascular wall,10842,320,
query_1,TRUE,0.03831827989357376,102,238,10,0.04201680672268908,0.09803921568627451,REAC:R-HSA-6807878,REAC,COPI-mediated anterograde transport,10842,271,
query_1,TRUE,0.04384202845832466,84,238,9,0.037815126050420166,0.10714285714285714,REAC:R-HSA-5628897,REAC,TP53 Regulates Metabolic Genes,10842,2376,
query_1,TRUE,0.047828754149956784,12,238,4,0.01680672268907563,0.3333333333333333,REAC:R-HSA-9755779,REAC,SARS-CoV-2 targets host intracellular signalling and regulatory pathways,10842,2060,
query_1,TRUE,0.04901629246394379,35,238,6,0.025210084033613446,0.17142857142857143,REAC:R-HSA-5663213,REAC,RHO GTPases Activate WASPs and WAVEs,10842,1801,
query_1,TRUE,0.04901629246394379,35,238,6,0.025210084033613446,0.17142857142857143,REAC:R-HSA-6802948,REAC,Signaling by high-kinase activity BRAF mutants,10842,2250,
query_1,TRUE,0.0178817018359683,2423,291,62,0.21305841924398625,0.025588113908378042,TF:M10073,TF,Factor: PU.1; motif: NRAAAGAGGAAGTGRNN,20045,8064,
query_1,TRUE,4.0673949666332984e-10,55,204,15,0.07352941176470588,0.2727272727272727,WP:WP2272,WP,Pathogenic Escherichia coli infection,8286,87,
query_1,TRUE,1.0891774405918217e-5,94,204,14,0.06862745098039216,0.14893617021276595,WP:WP2806,WP,Complement system,8286,150,
query_1,TRUE,3.433958241371611e-5,430,204,30,0.14705882352941177,0.06976744186046512,WP:WP3888,WP,VEGFA VEGFR2 signaling,8286,286,
query_1,TRUE,3.7539374825853983e-4,17,204,6,0.029411764705882353,0.35294117647058826,WP:WP1946,WP,Cori cycle,8286,52,
query_1,TRUE,0.0021312090911362667,45,204,8,0.0392156862745098,0.17777777777777778,WP:WP534,WP,Glycolysis and gluconeogenesis,8286,760,
query_1,TRUE,0.005144746747626259,198,204,16,0.0784313725490196,0.08080808080808081,WP:WP306,WP,Focal adhesion,8286,195,
query_1,TRUE,0.006000056756711023,38,204,7,0.03431372549019608,0.18421052631578946,WP:WP383,WP,Striated muscle contraction pathway,8286,265,
query_1,TRUE,0.01137838184411988,72,204,9,0.04411764705882353,0.125,WP:WP2572,WP,Primary focal segmental glomerulosclerosis FSGS ,8286,134,
query_1,TRUE,0.02779785556342253,12,204,4,0.0196078431372549,0.3333333333333333,WP:WP4629,WP,Aerobic glycolysis,8286,477,
query_1,TRUE,0.032970065006624104,101,204,10,0.049019607843137254,0.09900990099009901,WP:WP185,WP,Integrin mediated cell adhesion,8286,49,
query_1,TRUE,0.041981090575456834,51,204,7,0.03431372549019608,0.13725490196078433,WP:WP1533,WP,Vitamin B12 metabolism,8286,28,
query_1,TRUE,0.04567541918990567,86,204,9,0.04411764705882353,0.10465116279069768,WP:WP15,WP,Selenium micronutrient network,8286,24,
query_1,TRUE,0.04985212815655908,69,204,8,0.0392156862745098,0.11594202898550725,WP:WP176,WP,Folate metabolism,8286,45,
