PG.ProteinGroups,cancer,control
A0A075B6J9,3,2
A0A075B6K5,3,3
A0A075B6P5;P01615,2,2
A0A075B6Q5,4,4
A0A075B6R9;A0A0C4DH68,3,3
A0A075B6S2,5,5
A0A075B6S5,2,2
A0A087WW87;P01614,4,5
A0A0A0MS15,3,3
A0A0B4J1U7,2,2
A0A0B4J1V0,3,3
A0A0B4J1V2,3,0
A0A0B4J1V6,4,4
A0A0B4J1X5,2,2
A0A0B4J1X8,2,2
A0A0B4J1Y9,4,4
A0A0B4J2D5;P0DPI2,11,11
A0A0C4DH33,3,3
A0A0C4DH38,4,4
A0A0C4DH67,3,3
A0A0G2JMI3,3,3
A0A0J9YX35,3,3
A0A1B0GTC6,3,3
A0AVT1,13,13
A0FGR8,29,29
A1A4S6,12,12
A1L0T0,12,12
A1L3X0,3,3
A1L4H1,18,18
A1X283,10,10
A2RRP1,16,16
A2RUS2,31,31
A4D1B5,11,11
A4D1P6,5,6
A5YKK6,17,17
A6NDG6,10,10
A6NDU8,6,6
A6NGU5;P19440;P36268,3,3
A6NIH7,5,5
B0I1T2,23,24
B5ME19;Q99613,21,21
C4AMC7;Q6VEQ5,6,6
E9PAV3;Q13765,4,4
E9PB15,3,3
L0R6Q1,3,3
O00116,16,16
O00139,27,27
O00151,16,16
O00154,8,8
O00159,29,29
O00161,14,14
O00170,8,8
O00178,10,10
O00186,18,18
O00187,32,32
O00194,9,9
O00203,27,27
O00231,13,13
O00232,13,13
O00233,5,5
O00244,2,2
O00264,9,9
O00299,15,15
O00303,10,10
O00339,4,4
O00391,21,21
O00410,36,35
O00429,36,37
O00442,9,9
O00451,2,2
O00453,3,3
O00461,18,18
O00468,45,46
O00471,14,14
O00483,2,2
O00487,4,4
O00501,4,4
O00505,10,10
O00506,5,5
O00522,6,6
O00534,21,22
O00560,8,8
O00571,21,21
O00585,5,5
O00602,7,7
O00629,9,9
O00743,10,11
O14523,11,11
O14530,4,4
O14545,3,3
O14548,4,4
O14561,3,3
O14579,12,12
O14594,22,23
O14602,4,4
O14617,29,29
O14618,5,5
O14639,11,11
O14656,3,3
O14662,8,8
O14672,24,24
O14730,5,4
O14734,8,8
O14735,5,5
O14737,4,4
O14744,8,8
O14745,13,13
O14773,5,5
O14775,7,7
O14786,29,29
O14787,9,10
O14791,13,13
O14818,9,9
O14828,8,8
O14874,4,4
O14880,4,4
O14920,11,11
O14960,5,5
O14974,27,27
O14975,5,5
O14976,15,15
O14979,4,4
O14980,20,20
O15013,6,6
O15027,10,10
O15031,36,36
O15067,8,8
O15084,23,24
O15111,15,15
O15117,21,21
O15126,3,3
O15127,3,3
O15143,13,13
O15144,19,19
O15145,9,9
O15162,3,3
O15173,5,5
O15194,6,6
O15204,10,10
O15212,4,4
O15228,13,13
O15230,31,31
O15231,17,17
O15240,18,17
O15260,7,7
O15269,5,5
O15270,6,6
O15305,7,7
O15327,20,20
O15335,11,11
O15354,4,4
O15357,18,18
O15371,17,17
O15372,11,11
O15400,9,9
O15427,3,3
O15439,36,36
O15467,4,4
O15511,7,7
O15533,7,7
O43149,66,66
O43150,30,30
O43157,12,12
O43169,5,5
O43175,6,6
O43182,32,32
O43237,6,6
O43242,16,17
O43294,18,18
O43304,11,11
O43306,20,20
O43312,16,16
O43314,6,6
O43318,6,6
O43324,4,4
O43390,6,6
O43396,16,16
O43399,7,7
O43432,22,22
O43488,10,10
O43491,8,8
O43493,6,6
O43504,3,3
O43516,9,9
O43561,4,4
O43583,6,7
O43615,9,9
O43633,7,7
O43639,16,16
O43665,9,9
O43678,2,2
O43681,10,10
O43707,32,33
O43741,7,7
O43747,11,11
O43760,2,2
O43765,8,8
O43768,5,5
O43772,6,6
O43776,10,11
O43813,7,7
O43815,21,20
O43837,9,9
O43847,35,35
O43852,18,18
O43865,17,17
O43866,14,14
O43897,5,5
O43920,3,3
O60229,20,20
O60234,4,4
O60240,5,6
O60256,10,10
O60268,20,20
O60271,11,11
O60279,8,10
O60313,25,26
O60331,13,13
O60462,28,28
O60476,8,8
O60488,19,19
O60493,6,6
O60496,13,13
O60506,19,20
O60524,6,6
O60568,5,5
O60610,52,52
O60613,3,3
O60645,9,9
O60664,12,12
O60669,5,5
O60674,22,22
O60678,7,7
O60684,13,13
O60687,7,7
O60701,7,7
O60704,6,6
O60716,20,20
O60739,5,5
O60749,16,16
O60762,8,8
O60763,30,30
O60784,5,5
O60814;P57053;P58876;P62807;Q5QNW6;Q93079;Q99877;Q99879,5,5
O60841,31,30
O60844,4,4
O60884,12,12
O60888,4,4
O60890,12,12
O60927,2,2
O60936,7,7
O75069,7,7
O75071,3,3
O75083,26,26
O75095,7,7
O75116,54,56
O75122,8,10
O75131,10,10
O75154,5,6
O75165,34,35
O75167,4,4
O75170,9,9
O75190,5,5
O75251,3,3
O75298,4,4
O75306,10,10
O75309,14,15
O75339,12,13
O75340,10,10
O75347,7,7
O75348,3,3
O75351,8,8
O75352,4,4
O75367,9,8
O75368,6,6
O75380,2,2
O75381,5,5
O75390,14,14
O75396,6,6
O75410,16,16
O75487,13,11
O75489,7,6
O75521,5,5
O75531,4,4
O75558,14,13
O75563,17,17
O75581,4,5
O75592,41,41
O75594,4,5
O75608,6,6
O75636,13,13
O75663,7,7
O75688,11,11
O75695,7,7
O75718,4,4
O75746,8,8
O75752,3,3
O75787,10,10
O75791,12,12
O75821,5,5
O75822,13,13
O75832,4,4
O75844,12,12
O75874,15,15
O75882,11,11
O75915,4,4
O75935,4,4
O75937,4,4
O75947,7,7
O75954,4,4
O75955,22,23
O75964,4,4
O75995,6,6
O76003,12,12
O76061,3,0
O76071,10,10
O76074,30,30
O76076,6,6
O94769,19,19
O94804,20,20
O94826,14,14
O94855,11,11
O94874,17,18
O94886,10,10
O94905,9,9
O94915,26,27
O94919,16,16
O94923,8,8
O94925,17,18
O94929,15,15
O94973,11,10
O94979,12,12
O94985,11,11
O94992,4,4
O95140,13,15
O95154,8,8
O95159,3,3
O95168,2,2
O95169,5,5
O95197,5,5
O95202,20,20
O95219,5,5
O95260,10,10
O95292,5,5
O95299,5,5
O95319,5,5
O95336,9,9
O95340,6,6
O95352,14,14
O95372,5,5
O95373,27,27
O95376,9,9
O95393,6,6
O95428,6,6
O95433,8,8
O95445,6,6
O95466,3,3
O95497,7,7
O95563,6,6
O95571,8,8
O95573,13,14
O95633,4,4
O95671,7,7
O95674,7,7
O95721,8,8
O95747,10,10
O95757,4,4
O95782,29,30
O95793,2,0
O95810,21,22
O95816,6,6
O95819,14,14
O95822,6,6
O95825,7,7
O95831,16,16
O95834,13,13
O95858,5,5
O95866,10,10
O95870,21,20
O95881,4,4
O95965,11,11
O95967,18,18
O95989,4,4
O96000,7,7
O96008,6,6
O96009,2,2
O96011,8,8
P00167,5,5
P00325,10,10
P00338,17,17
P00352,9,9
P00367,22,22
P00387,15,15
P00390,15,16
P00395,3,3
P00403,3,3
P00441,4,4
P00450,64,63
P00451,61,61
P00488,37,37
P00491,18,18
P00492,10,10
P00505,15,16
P00558,18,18
P00568,9,9
P00734,65,65
P00736,30,30
P00738,24,24
P00739,9,9
P00740,24,24
P00742,21,21
P00746,12,12
P00747,43,43
P00748,22,22
P00750,5,5
P00751,27,26
P00761,6,6
P00915,6,6
P00918,11,11
P00966,7,7
P01008,20,20
P01009,23,23
P01011,24,23
P01019,15,16
P01023,72,72
P01024,96,96
P01031,58,58
P01033,6,6
P01034,6,6
P01042,25,25
P01111,4,4
P01116,8,8
P01127,2,2
P01130,8,8
P01133,13,13
P01137,19,19
P01266,5,5
P01275,8,8
P01303,4,4
P01344,2,2
P01350,3,3
P01591,5,5
P01619,4,4
P01624,2,2
P01700,3,3
P01701,2,2
P01703,2,2
P01706,2,2
P01714,3,3
P01717,4,4
P01742,3,3
P01764,2,2
P01766,2,2
P01768;P0DP03,4,4
P01780,3,3
P01782;P0DP04,3,3
P01817,4,4
P01833,25,24
P01834,2,2
P01859,7,7
P01860,8,8
P01861,5,5
P01871,6,6
P01876,13,13
P01880,8,8
P01889,11,11
P01903,4,4
P02042,3,3
P02452,4,4
P02533,16,16
P02545,11,11
P02549,49,49
P02585,7,7
P02647,33,33
P02649,27,27
P02652,8,8
P02654,4,4
P02655,7,7
P02656,12,12
P02671,83,83
P02675,56,56
P02679,48,48
P02686,4,4
P02730,14,14
P02741,14,12
P02743,6,6
P02745,8,8
P02746,7,8
P02747,9,9
P02748,22,22
P02749,17,17
P02750,7,7
P02751,83,84
P02753,9,9
P02760,16,16
P02763,8,8
P02765,8,8
P02766,9,9
P02768,63,63
P02774,23,23
P02775,7,8
P02776,2,2
P02778,2,2
P02786,27,27
P02787,38,39
P02788,33,32
P02790,20,20
P02792,3,3
P02794,5,5
P02818,4,4
P03905,5,5
P03950,7,7
P03951,18,18
P03952,22,22
P03956,18,18
P03973,3,4
P04003,40,40
P04004,40,40
P04040,23,23
P04062,3,3
P04066,10,10
P04070,20,21
P04075,22,22
P04080,2,2
P04083,6,6
P04114,208,211
P04156,4,4
P04179,11,11
P04180,6,6
P04196,20,20
P04217,13,13
P04233,4,4
P04259,17,16
P04264,19,20
P04271,2,2
P04275,118,118
P04278,17,17
P04406,22,22
P04424,9,9
P04430,2,2
P04433,3,3
P04439,15,15
P04632,12,12
P04792,10,10
P04839,10,10
P04843,27,27
P04844,22,22
P04899,18,18
P04920,7,7
P05019,5,5
P05023,26,26
P05060,30,30
P05062,3,0
P05067,23,23
P05090,7,7
P05106,33,33
P05107,18,18
P05109,4,4
P05121,16,16
P05141,13,13
P05154,17,18
P05155,25,25
P05156,15,15
P05160,21,21
P05164,27,24
P05165,15,16
P05166,14,14
P05198,11,11
P05362,5,5
P05386,3,3
P05387,4,4
P05388,10,9
P05408,2,2
P05452,10,10
P05543,10,10
P05546,17,17
P05556,27,27
P05771,13,13
P05787,5,5
P05976,7,7
P06132,8,8
P06239,5,5
P06241,12,12
P06276,4,4
P06280,14,13
P06310,3,4
P06312,4,3
P06331,3,3
P06396,32,33
P06576,23,23
P06681,18,18
P06702,5,5
P06727,36,36
P06730,4,4
P06733,17,17
P06734,8,8
P06737,21,21
P06744,15,16
P06748,4,4
P06753,12,12
P06756,22,22
P06858,14,14
P06865,17,17
P07093,14,14
P07099,5,5
P07108,2,2
P07195,13,13
P07203,14,14
P07225,41,41
P07237,24,24
P07306,10,10
P07307,8,8
P07332,12,11
P07339,12,12
P07355,12,11
P07357,17,17
P07358,20,20
P07359,16,16
P07360,8,8
P07384,39,39
P07437,6,6
P07477,5,5
P07478,3,3
P07585,7,7
P07602,7,7
P07686,12,12
P07711,11,11
P07737,8,8
P07741,7,7
P07814,22,21
P07858,12,12
P07900,20,20
P07910,7,7
P07942,46,46
P07947,15,15
P07948,21,21
P07951,11,11
P07954,14,14
P07988,7,0
P07996,71,71
P07998,6,6
P08123,5,5
P08133,12,12
P08174,8,8
P08185,7,7
P08195,8,8
P08236,5,5
P08237,9,9
P08238,29,30
P08240,12,12
P08253,27,28
P08254,11,11
P08294,11,11
P08311,4,4
P08319,19,19
P08397,3,0
P08493,2,2
P08514,45,45
P08519,36,36
P08559,11,11
P08567,18,18
P08571,13,13
P08574,8,8
P08575,27,27
P08590,11,11
P08603,49,49
P08631,3,3
P08648,14,14
P08670,22,23
P08697,14,14
P08708,4,4
P08709,18,18
P08727,5,0
P08754,5,5
P08758,12,13
P08833,8,8
P08865,10,10
P08962,3,3
P09104,15,15
P09110,11,11
P09172,5,5
P09211,12,12
P09237,7,7
P09238,8,8
P09382,4,4
P09417,6,6
P09429,7,7
P09455,8,8
P09466,5,5
P09486,14,14
P09488,7,8
P09493,5,5
P09496,8,8
P09497,7,7
P09529,4,4
P09543,9,9
P09603,9,9
P09619,3,3
P09622,12,12
P09651,8,8
P09681,6,7
P09769,4,4
P09871,44,44
P09960,18,17
P0C0L4,101,101
P0C0L5,7,7
P0C0S5;Q71UI9,2,0
P0C7M8,5,5
P0C7P3,25,25
P0CG39,4,4
P0CG47;P0CG48;P62979;P62987,4,4
P0DI81;P0DI82,4,4
P0DJI8,6,6
P0DJI9,13,11
P0DMM9;P0DMN0,10,10
P0DMV8;P0DMV9,23,24
P0DOX2,14,14
P0DOX3,4,4
P0DOX5,16,16
P0DOX6,23,23
P0DOX7,9,9
P0DOY2;P0DOY3,4,4
P0DP23;P0DP24;P0DP25,8,8
P10114,8,8
P10124,5,5
P10155,16,16
P10253,7,8
P10301,5,5
P10321,6,6
P10398,9,9
P10412,3,3
P10451,13,13
P10515,8,8
P10586,6,6
P10599,4,4
P10606,6,6
P10619,8,8
P10620,4,4
P10643,25,25
P10644,13,13
P10645,32,32
P10646,11,11
P10720,5,5
P10768,9,9
P10809,25,25
P10909,28,28
P10915,3,3
P10916,6,6
P11021,26,26
P11047,53,52
P11049,2,3
P11142,18,18
P11150,10,10
P11166,6,6
P11169,8,8
P11171,13,13
P11172,8,8
P11177,10,10
P11182,9,9
P11215,31,26
P11216,30,31
P11226,8,8
P11233,4,4
P11234,4,4
P11274,13,13
P11277,70,70
P11279,3,3
P11310,13,13
P11362,6,6
P11413,24,25
P11441,4,4
P11586,30,30
P11597,20,20
P11678,12,10
P11766,9,9
P11836,4,5
P11908,11,11
P11940,11,11
P12074,2,2
P12081,11,10
P12109,17,17
P12110,12,12
P12111,68,67
P12236,6,6
P12259,84,84
P12268,7,7
P12277,7,7
P12429,14,14
P12814,61,61
P12829,4,4
P12830,15,14
P12931,17,17
P12955,9,9
P12956,17,17
P13010,15,15
P13073,6,6
P13224,4,4
P13473,4,4
P13489,17,17
P13497,31,32
P13501,2,2
P13521,20,19
P13591,23,23
P13598,5,5
P13611,30,29
P13612,6,6
P13639,13,13
P13645,24,24
P13647,9,10
P13667,30,30
P13671,24,24
P13674,9,9
P13686,2,2
P13693,6,6
P13716,13,13
P13727,12,12
P13747,7,8
P13796,20,20
P13797,11,11
P13798,14,15
P13804,13,13
P13805,6,6
P13807,12,12
P13861,13,12
P13929,14,14
P13987,3,3
P14151,4,4
P14174,2,2
P14209,4,4
P14314,22,22
P14317,12,12
P14324,9,10
P14406,2,2
P14543,61,61
P14550,5,5
P14555,4,4
P14618,27,27
P14625,41,41
P14649,5,5
P14735,11,11
P14770,6,6
P14780,17,15
P14854,5,5
P14866,6,6
P14868,24,24
P14927,3,3
P15085,5,4
P15121,9,9
P15144,13,13
P15153,3,3
P15169,27,27
P15170,22,22
P15291,6,7
P15311,7,7
P15498,20,20
P15502,5,5
P15529,5,5
P15531,5,5
P15586,7,7
P15880,5,5
P15907,10,10
P15954,2,2
P16035,5,5
P16070,9,9
P16083,4,4
P16104,4,0
P16109,23,23
P16112,25,25
P16152,9,9
P16157,59,59
P16219,12,12
P16233,9,9
P16278,13,14
P16284,31,32
P16298,11,11
P16333,6,6
P16401,3,3
P16452,4,4
P16519,5,5
P16591,12,13
P16615,33,33
P16671,10,10
P16870,8,7
P16871,6,6
P16885,32,33
P16930,8,8
P17050,5,5
P17252,23,23
P17301,29,29
P17612,2,2
P17655,32,32
P17812,15,16
P17813,4,5
P17858,25,25
P17927,10,10
P17936,13,13
P17980,14,14
P17987,24,25
P18031,14,14
P18054,25,26
P18065,14,14
P18084,15,15
P18085,6,5
P18124,6,5
P18206,61,61
P18428,14,14
P18433,23,23
P18440,3,3
P18621,4,4
P18669,11,11
P18827,3,3
P18859,5,5
P19021,25,25
P19022,9,8
P19086,14,14
P19105,14,14
P19320,12,12
P19338,10,9
P19367,37,37
P19404,5,5
P19474,7,7
P19525,11,11
P19623,4,4
P19634,10,10
P19652,9,9
P19784,11,11
P19823,33,33
P19827,41,41
P19838,11,11
P19875,3,3
P19883,7,7
P19971,14,14
P20042,15,15
P20062,5,5
P20073,12,12
P20338,6,6
P20339,6,6
P20340,10,10
P20618,7,7
P20645,3,3
P20674,6,6
P20700,9,7
P20701,5,5
P20742,33,32
P20774,7,7
P20810,9,9
P20851,11,11
P20908,6,6
P20936,18,19
P20962,3,3
P20963,2,2
P21266,10,11
P21281,17,17
P21283,8,7
P21291,9,10
P21333,148,148
P21399,14,14
P21730,2,2
P21741,4,3
P21796,13,13
P21810,12,12
P21912,8,8
P21926,4,4
P21964,14,14
P21980,6,6
P22033,10,10
P22059,13,13
P22061,9,9
P22102,16,16
P22105,86,87
P22223,10,11
P22234,11,11
P22307,6,6
P22314,25,26
P22352,8,8
P22392,10,10
P22466,4,4
P22626,4,0
P22681,8,8
P22692,13,13
P22694,15,15
P22695,14,14
P22792,12,12
P22891,15,15
P23083,4,4
P23141,7,7
P23142,25,25
P23219,18,18
P23229,36,35
P23258,14,15
P23284,6,6
P23327,6,6
P23368,24,24
P23381,19,19
P23396,5,5
P23434,2,2
P23458,19,19
P23467,15,15
P23470,8,8
P23471,18,18
P23526,7,7
P23528,10,10
P23560,4,4
P23588,11,11
P23634,10,10
P23743,15,15
P23786,14,15
P24043,97,97
P24298,5,0
P24387,7,7
P24534,7,7
P24539,9,9
P24557,23,23
P24592,8,8
P24593,14,14
P24666,8,8
P24752,11,11
P24821,56,56
P24844,6,6
P24855,4,4
P25098,7,7
P25311,12,12
P25325,11,11
P25398,5,5
P25685,6,6
P25686,6,6
P25705,23,23
P25774,5,5
P25786,10,10
P25787,7,7
P25788,6,6
P25789,7,7
P25942,2,2
P26022,13,13
P26038,22,22
P26196,15,15
P26368,5,5
P26440,11,11
P26572,11,11
P26583,3,3
P26599,13,13
P26639,23,23
P26640,24,24
P26641,13,13
P26885,2,2
P26927,15,16
P27105,13,13
P27169,24,25
P27338,20,20
P27348,10,10
P27361,9,9
P27482,4,4
P27701,4,4
P27707,4,4
P27708,34,34
P27797,22,22
P27816,13,13
P27824,31,31
P27918,6,6
P27986,13,13
P27987,18,18
P28062,6,6
P28065,5,5
P28066,7,7
P28070,7,7
P28074,4,4
P28161,8,8
P28290,11,11
P28300,5,5
P28331,20,20
P28482,8,8
P28676,6,6
P28799,7,7
P28838,22,22
P29120,14,11
P29122,26,26
P29144,41,41
P29218,7,7
P29279,14,15
P29350,26,27
P29401,15,15
P29622,17,17
P29692,14,14
P29965,4,4
P29966,6,6
P29992,7,7
P30038,8,8
P30039,7,7
P30040,8,8
P30041,13,13
P30043,11,11
P30044,8,8
P30048,8,8
P30049,3,3
P30050,4,4
P30084,9,9
P30085,6,6
P30086,6,6
P30101,25,25
P30153,25,25
P30260,5,5
P30273,2,2
P30405,4,4
P30419,11,11
P30530,5,5
P30566,17,17
P30622,40,40
P30626,6,6
P30740,15,15
P30990,3,3
P31040,19,20
P31146,14,14
P31150,16,16
P31321,6,6
P31323,18,18
P31327,23,22
P31431,5,5
P31483,4,4
P31645,4,4
P31689,13,13
P31749,7,7
P31751,8,8
P31930,16,16
P31939,22,22
P31942,6,6
P31943,9,9
P31946,13,12
P31947,3,0
P31948,20,21
P32019,21,21
P32119,7,8
P32189,10,11
P32942,4,4
P32969,3,3
P33121,7,7
P33151,11,11
P33176,34,34
P33241,9,9
P33316,7,7
P33527,31,31
P33908,26,26
P34096,8,8
P34896,7,7
P34897,13,13
P34913,12,12
P34932,27,27
P34947,8,8
P34949,9,9
P35030,3,5
P35052,15,15
P35221,7,7
P35222,13,13
P35232,12,12
P35237,16,16
P35241,14,14
P35244,4,4
P35247,5,5
P35268,3,3
P35442,38,38
P35443,42,42
P35527,17,17
P35542,3,3
P35555,62,62
P35558,9,8
P35573,15,15
P35579,110,111
P35580,19,19
P35606,34,34
P35611,23,22
P35613,7,7
P35625,7,8
P35637,5,5
P35659,4,0
P35749,26,26
P35813,15,15
P35858,22,22
P35908,18,18
P35914,11,11
P35998,15,15
P36222,8,6
P36404,4,4
P36507,4,4
P36542,7,7
P36543,8,8
P36551,8,9
P36578,7,7
P36776,15,15
P36871,18,19
P36873,2,2
P36915,12,12
P36955,16,16
P36957,9,9
P36959,14,14
P36969,8,8
P36980,4,4
P37235,9,9
P37802,15,15
P37837,7,7
P37840,4,4
P38117,9,10
P38571,5,5
P38606,21,21
P38646,23,23
P39019,4,4
P39023,3,3
P39059,9,9
P39060,15,16
P39656,14,14
P39687,8,8
P40121,3,3
P40197,20,21
P40227,17,17
P40616,7,7
P40763,22,22
P40855,4,4
P40925,6,6
P40926,15,15
P40939,30,30
P40967,6,6
P41091,14,14
P41159,7,7
P41214,4,4
P41218,12,9
P41222,4,4
P41226,28,28
P41227,3,3
P41236,4,4
P41240,17,17
P41250,17,17
P41252,15,15
P42025,5,5
P42126,5,5
P42166;P42167,2,2
P42224,22,23
P42229,17,17
P42338,14,14
P42345,16,16
P42356,32,33
P42566,24,24
P42574,9,9
P42680,18,18
P42704,27,27
P42765,7,7
P42768,11,11
P42785,6,6
P42858,35,35
P42892,19,19
P42898,10,10
P43034,11,12
P43155,12,12
P43243,4,4
P43250,9,9
P43251,10,10
P43304,32,33
P43307,4,4
P43405,22,23
P43487,6,6
P43490,17,17
P43652,13,14
P43686,8,8
P45880,9,9
P45954,11,12
P45974,26,26
P45985,4,4
P46060,20,20
P46109,11,11
P46379,10,10
P46459,26,26
P46531,5,5
P46734,6,6
P46777,6,6
P46781,2,2
P46783,2,2
P46821,24,24
P46939,71,71
P46940,30,30
P46976,7,7
P46977,13,13
P47712,19,19
P47755,11,11
P47756,13,13
P47897,14,15
P47985,7,8
P48047,8,8
P48059,15,15
P48061,3,3
P48147,16,16
P48163,10,10
P48426,16,16
P48444,19,20
P48449,14,14
P48506,9,9
P48507,8,8
P48509,3,3
P48556,7,8
P48643,25,25
P48681,11,10
P48735,18,18
P48736,16,16
P48740,27,27
P48960,6,6
P49006,2,2
P49137,12,12
P49189,11,11
P49247,4,5
P49257,13,13
P49327,68,69
P49356,6,6
P49368,24,24
P49407,15,15
P49411,20,20
P49588,29,29
P49589,8,10
P49591,20,20
P49593,17,17
P49619,20,19
P49641,18,18
P49662,7,7
P49720,7,7
P49721,5,5
P49746,23,23
P49747,38,38
P49748,27,27
P49754,17,17
P49755,9,9
P49757,9,9
P49758,9,9
P49767,9,9
P49773,5,5
P49788,3,3
P49821,13,13
P49841,10,10
P49902,13,15
P49908,7,7
P49913,8,8
P49915,9,10
P49959,4,4
P50148,11,11
P50151,3,3
P50213,11,11
P50225,14,14
P50238,3,3
P50281,3,3
P50395,29,29
P50402,11,11
P50416,28,28
P50440,12,12
P50453,15,15
P50454,12,12
P50461,2,2
P50502,6,6
P50552,20,20
P50570,23,23
P50579,11,11
P50583,7,7
P50851,67,67
P50897,5,5
P50990,34,35
P50991,22,22
P50995,14,14
P51148,11,11
P51149,12,12
P51151,4,4
P51153,6,6
P51452,8,8
P51511,2,2
P51553,6,6
P51570,11,12
P51571,5,5
P51572,8,8
P51575,10,10
P51606,6,6
P51659,29,29
P51665,9,9
P51692,11,11
P51693,8,8
P51790,9,9
P51793,10,10
P51809,8,8
P51812,19,19
P51858,10,10
P51884,11,11
P51888,3,3
P51911,3,3
P51991,9,9
P52209,18,18
P52294,4,4
P52306,16,16
P52333,19,20
P52565,4,4
P52566,9,8
P52594,4,4
P52597,5,5
P52630,8,8
P52788,11,11
P52815,3,3
P52888,13,13
P52907,11,11
P52943,6,6
P53004,9,9
P53007,6,6
P53041,6,6
P53396,29,29
P53582,14,14
P53597,6,6
P53602,5,5
P53618,37,37
P53621,38,39
P53634,12,12
P53675,16,17
P53680,3,4
P53814,18,19
P53990,9,10
P53992,13,13
P53999,3,3
P54136,21,21
P54252,4,5
P54315,8,8
P54577,22,22
P54578,10,10
P54619,13,13
P54652,10,10
P54687,3,3
P54709,7,7
P54725,3,3
P54727,5,5
P54803,10,10
P54819,12,12
P54826,4,4
P54886,9,9
P54920,19,19
P54922,5,5
P55010,12,12
P55036,8,8
P55039,9,9
P55056,6,6
P55058,12,12
P55060,16,16
P55072,48,48
P55084,16,16
P55103,3,3
P55145,8,8
P55157,22,22
P55160,27,27
P55209,9,9
P55212,8,8
P55268,48,48
P55285,15,15
P55287,16,16
P55290,11,11
P55291,15,15
P55327,5,5
P55735,5,5
P55774,2,2
P55786,33,33
P55795,3,3
P55809,14,14
P55884,27,27
P55899,3,3
P55957,6,6
P56134,3,3
P56192,16,16
P56202,7,7
P56377,4,4
P56385,4,4
P56537,3,3
P56962,5,5
P57057,5,5
P57088,8,8
P57729,7,7
P57737,7,7
P57764,6,6
P58166,11,11
P58215,8,8
P58546,6,6
P59665;P59666,3,3
P59768,2,2
P59998,7,7
P60033,3,3
P60174,11,11
P60228,12,12
P60520,4,4
P60604,2,2
P60660,7,7
P60709;P63261,15,15
P60763,6,6
P60842,14,14
P60891,3,3
P60900,8,8
P60903,3,3
P60953,9,9
P60981,12,12
P60983,5,5
P60985,2,2
P61006,6,6
P61009,3,3
P61018,6,6
P61019,9,9
P61020,6,6
P61026,7,7
P61077;P62837,3,3
P61081,6,6
P61086,5,5
P61088,6,6
P61106,12,12
P61158,20,20
P61160,14,14
P61163,14,14
P61201,12,13
P61204;P84077,6,6
P61221,12,13
P61224,14,14
P61225,5,5
P61247,3,3
P61421,11,11
P61586,9,9
P61604,3,3
P61619,7,7
P61626,5,5
P61758,4,4
P61764,8,8
P61769,4,4
P61803,4,4
P61923,5,5
P61952,2,2
P61960,2,2
P61970,3,3
P61978,19,19
P61981,9,9
P62136,21,21
P62140,4,4
P62166,5,5
P62191,15,15
P62195,15,15
P62249,2,2
P62256,4,4
P62258,13,13
P62263,3,3
P62277,2,2
P62330,7,7
P62333,11,11
P62424,4,4
P62491,12,12
P62495,19,19
P62633,2,0
P62714,15,15
P62805,6,6
P62820,2,2
P62826,7,7
P62834,3,3
P62847,4,4
P62851,3,3
P62873,13,13
P62879,7,7
P62888,3,3
P62906,4,4
P62937,7,7
P62942,3,3
P62993,10,11
P63000,2,2
P63010,22,22
P63092;Q5JWF2,8,8
P63096,3,3
P63098,7,7
P63104,11,11
P63151,5,5
P63167,4,4
P63208,5,5
P63241,10,10
P63244,4,4
P63279,4,4
P63316,6,6
P67812,5,5
P67870,5,5
P67936,10,10
P68032,25,25
P68036,7,7
P68104,21,21
P68363,27,27
P68366,9,9
P68371,26,26
P68402,3,3
P68871,11,11
P69849;Q15155;Q5JPE7,21,21
P69905,9,9
P78318,10,10
P78344,33,34
P78371,27,27
P78417,12,12
P78509,69,69
P78539,19,19
P78559,30,30
P78560,4,4
P79483,3,4
P80108,28,28
P80188,7,7
P80303,18,18
P80404,7,7
P80511,4,4
P80723,7,7
P80748,3,3
P81605,2,2
P82909,3,3
P82979,2,0
P83111,10,10
P84085,10,10
P84095,9,9
P84103,3,3
P84157,3,3
P98066,9,9
P98082,11,11
P98095,22,22
P98160,133,133
P98164,5,5
P98171,16,16
P98172,9,10
P98179,3,3
P98194,21,21
P99999,3,3
Q00013,18,18
Q00059,5,5
Q00325,8,9
Q00341,18,18
Q00535,8,8
Q00537,5,5
Q00577,5,4
Q00610,56,56
Q00688,8,8
Q00722,19,19
Q00765,3,3
Q00796,7,8
Q00839,12,12
Q01082,95,95
Q01085,4,4
Q01105,4,4
Q01433,22,22
Q01469,5,5
Q01518,24,24
Q01543,3,3
Q01658,4,4
Q01813,27,27
Q01970,10,10
Q01995,4,4
Q02108,15,15
Q02153,16,16
Q02218,25,25
Q02252,14,14
Q02487,12,11
Q02809,16,16
Q02818,24,24
Q02878,4,4
Q02952,20,22
Q02978,11,12
Q02985,6,6
Q03154,11,11
Q03167,7,7
Q03252,6,7
Q03518,15,15
Q03519,15,15
Q03591,14,14
Q04206,8,8
Q04323,4,4
Q04446,16,16
Q04637,28,28
Q04721,18,18
Q04756,15,15
Q04759,21,21
Q04760,6,6
Q04771,5,5
Q04837,4,4
Q04917,10,10
Q04941,3,3
Q05193,12,12
Q05209,26,26
Q05397,19,20
Q05655,25,25
Q05682,24,25
Q05707,18,18
Q05823,8,9
Q05940,3,3
Q06033,36,35
Q06124,14,14
Q06136,4,4
Q06141,3,3
Q06187,26,26
Q06210,9,9
Q06323,11,12
Q06481,20,20
Q06828,8,8
Q06830,11,11
Q07020,5,5
Q07021,8,8
Q07507,7,7
Q07812,4,4
Q07866,18,18
Q07954,86,86
Q07955,6,5
Q07960,15,15
Q08174,4,4
Q08209,4,4
Q08257,9,9
Q08379,15,16
Q08380,15,15
Q08397,16,17
Q08426,8,8
Q08431,12,12
Q08495,15,15
Q08554,6,6
Q08629,3,3
Q08722,5,5
Q08752,9,9
Q08830,23,22
Q09327,3,3
Q09328,4,4
Q09470,2,2
Q09666,26,26
Q0VAF6,2,2
Q0VD83,29,29
Q0ZGT2,23,23
Q10471,13,13
Q10472,5,5
Q10567,13,13
Q10588,5,5
Q12765,10,10
Q12768,18,18
Q12794,4,4
Q12797,21,21
Q12800,4,4
Q12805,20,20
Q12841,6,6
Q12846,9,9
Q12851,18,18
Q12882,9,9
Q12904,13,13
Q12907,11,11
Q12912,10,10
Q12913,31,31
Q12931,13,13
Q12965,8,8
Q12974;Q93096,2,2
Q12982,4,4
Q13011,9,9
Q13033,16,16
Q13042,8,8
Q13043,15,15
Q13045,41,42
Q13057,6,6
Q13094,20,20
Q13098,13,13
Q13103,8,8
Q13107,19,19
Q13126,7,8
Q13131,13,13
Q13136,6,7
Q13144,14,14
Q13148,6,6
Q13162,11,11
Q13177,15,15
Q13185,3,3
Q13188,15,15
Q13190,5,5
Q13200,25,26
Q13201,49,49
Q13214,7,7
Q13217,12,13
Q13228,15,15
Q13247,4,4
Q13283,8,7
Q13303,6,6
Q13316,3,3
Q13347,13,13
Q13361,3,4
Q13363,7,7
Q13404,4,4
Q13409,5,5
Q13418,21,21
Q13421,9,9
Q13423,29,29
Q13435,5,4
Q13438,8,8
Q13442,4,4
Q13444,4,4
Q13459,28,27
Q13464,37,38
Q13492,11,11
Q13496,19,18
Q13501,6,6
Q13510,5,6
Q13526,6,6
Q13546,6,6
Q13554,8,8
Q13555,4,4
Q13557,6,6
Q13561,15,15
Q13564,9,9
Q13576,70,72
Q13586,21,21
Q13596,15,15
Q13609,6,6
Q13610,5,5
Q13617,13,13
Q13618,15,15
Q13619,5,5
Q13620,8,8
Q13627,4,4
Q13630,6,6
Q13637,10,10
Q13642,11,11
Q13643,4,4
Q13683,8,8
Q13724,8,9
Q13753,10,0
Q13790,8,8
Q13813,66,68
Q13822,16,16
Q13838,2,2
Q13867,9,9
Q13884,19,19
Q13885;Q9BVA1,6,6
Q13938,7,0
Q13976,18,18
Q14008,69,69
Q14011,4,4
Q14012,11,11
Q14019,6,6
Q14088,6,7
Q14103,3,3
Q14112,43,45
Q14116,2,2
Q14118,12,12
Q14126,8,8
Q14139,9,9
Q14141,7,7
Q14152,23,23
Q14155,17,17
Q14156,13,13
Q14157,10,10
Q14161,6,6
Q14162,11,11
Q14165,9,9
Q14166,20,20
Q14185,5,5
Q14192,7,7
Q14203,47,47
Q14204,108,108
Q14232,7,7
Q14240,5,5
Q14242,2,2
Q14247,24,24
Q14254,16,16
Q14257,7,7
Q14258,14,14
Q14289,20,21
Q14314,5,5
Q14318,8,8
Q14344,17,17
Q14392,9,9
Q14393,31,31
Q14432,22,22
Q14444,4,4
Q14515,29,29
Q14517,88,88
Q14520,42,42
Q14554,20,20
Q14558,7,7
Q14571,53,54
Q14574,7,6
Q14624,29,30
Q14642,11,11
Q14643,52,54
Q14644,43,43
Q14677,15,15
Q14696,7,7
Q14697,44,45
Q14699,7,8
Q14738,5,5
Q14764,21,21
Q14766,56,56
Q14767,28,29
Q14789,10,10
Q14847,11,11
Q14956,2,2
Q14974,25,26
Q14BN4,19,19
Q14C86,23,23
Q15005,5,5
Q15006,5,5
Q15008,12,12
Q15018,6,6
Q15019,16,16
Q15029,5,5
Q15036,7,7
Q15042,22,23
Q15046,12,12
Q15052,3,3
Q15056,5,5
Q15057,11,11
Q15063,28,28
Q15067,16,16
Q15075,25,26
Q15084,15,15
Q15113,21,21
Q15118,15,15
Q15121,3,3
Q15126,10,10
Q15147,6,6
Q15149,174,176
Q15165,9,9
Q15166,15,15
Q15172,13,13
Q15181,8,8
Q15185,7,7
Q15208,11,11
Q15257,7,7
Q15262,6,6
Q15286,8,8
Q15293,17,17
Q15311,6,6
Q15363,5,5
Q15365,12,12
Q15366,9,9
Q15369,6,6
Q15370,5,5
Q15382,5,5
Q15386,17,17
Q15389,11,11
Q15404,16,17
Q15418,4,5
Q15424,3,3
Q15435,10,10
Q15436,17,17
Q15477,9,10
Q15485,11,11
Q15555,14,14
Q15582,23,23
Q15628,3,3
Q15629,3,3
Q15631,5,5
Q15642,13,13
Q15691,11,11
Q15738,8,8
Q15746,51,53
Q15750,6,6
Q15762,6,6
Q15771,8,8
Q15785,11,11
Q15796,6,6
Q15797,4,4
Q15813,9,9
Q15833,33,33
Q15836,4,4
Q15904,7,7
Q15907,2,2
Q15942,21,21
Q16181,20,21
Q16270,5,5
Q16363,32,32
Q16401,9,9
Q16512,20,20
Q16531,23,23
Q16537,5,6
Q16539,11,11
Q16543,9,9
Q16555,21,21
Q16581,2,2
Q16595,4,4
Q16610,17,17
Q16627,5,5
Q16643,20,20
Q16644,5,5
Q16698,11,11
Q16706,29,29
Q16718,5,5
Q16719,3,0
Q16740,4,4
Q16762,11,11
Q16769,13,13
Q16775,4,4
Q16777;Q6FI13,3,3
Q16795,10,10
Q16799,15,15
Q16820,4,4
Q16822,16,16
Q16836,9,9
Q16851,15,16
Q16881,6,6
Q16891,28,28
Q17RC7,11,11
Q1KMD3,11,10
Q27J81,46,46
Q2M389,15,16
Q2M3D2,8,7
Q2PZI1,7,7
Q32MZ4,19,19
Q32P28,6,6
Q32P44,15,15
Q3LXA3,12,11
Q3SXM5,9,9
Q3YEC7,9,9
Q3ZCW2,8,8
Q4AE62,6,6
Q4G0F5,15,15
Q4G0N0,2,2
Q4KMP7,17,17
Q4KMQ2,29,29
Q4LDE5,86,86
Q4V328,17,17
Q53EL6,10,10
Q53GG5,4,4
Q53GQ0,11,11
Q53H12,9,9
Q53H76,8,8
Q53HC9,8,8
Q53QZ3,11,11
Q53RD9,4,4
Q53T59,11,11
Q562R1,5,5
Q5BJH7,5,5
Q5BKT4;Q5I7T1,7,7
Q5EG05,3,3
Q5H9R7,18,19
Q5JRA6,27,28
Q5JRX3,12,12
Q5JSH3,43,43
Q5JSL3,31,31
Q5JSP0,13,13
Q5JU69,4,4
Q5KU26,6,6
Q5M775,14,14
Q5QJ74,9,9
Q5R3I4,8,8
Q5SGD2,7,7
Q5SQ64,7,7
Q5SW79,14,16
Q5SW96,9,9
Q5SZK8,47,49
Q5T0F9,9,8
Q5T0N5,17,17
Q5T1M5,20,20
Q5T447,30,30
Q5T4S7,113,113
Q5T5C0,20,20
Q5TAQ9,4,4
Q5TCZ1,13,13
Q5TFE4,5,5
Q5UE93,11,11
Q5VIR6,13,13
Q5VT25,12,12
Q5VVQ6,4,4
Q5VW32,5,5
Q5VW36,9,9
Q5VWC8,6,6
Q5VWZ2,6,6
Q5VY43,14,14
Q5VYK3,21,21
Q5VYS8,8,8
Q5VZ89,27,27
Q5VZK9,15,14
Q5W0V3,13,13
Q5W111,5,5
Q63HN8,24,24
Q63ZY3,6,6
Q641Q2,14,14
Q641Q3,5,5
Q658P3,8,8
Q658Y4,9,9
Q66K14,17,17
Q66K74,11,11
Q66LE6,4,4
Q684P5,18,18
Q68D51,12,12
Q68D91,6,6
Q68EM7,9,9
Q6DD88,16,16
Q6E0U4,5,5
Q6EMK4,4,4
Q6FHJ7,2,0
Q6GMV2,6,6
Q6GPI1,4,4
Q6IA69,5,5
Q6IAA8,5,5
Q6IAN0,8,8
Q6IBS0,14,14
Q6ICL3,5,5
Q6L8Q7,5,5
Q6NUJ1,3,2
Q6NUK1,12,12
Q6NVY1,8,8
Q6NXE6,5,5
Q6NYC1,3,3
Q6P1A2,7,7
Q6P1M0,20,20
Q6P1N0,8,8
Q6P2E9,13,13
Q6P3W7,16,16
Q6P3X3,14,14
Q6P4E1,7,7
Q6P587,4,4
Q6P988,9,9
Q6P996,13,13
Q6P9B6,6,6
Q6PCE3,4,4
Q6PD74,5,5
Q6PGP7,10,10
Q6PHR2,7,7
Q6PI48,10,10
Q6PIU2,6,6
Q6PJW8,18,18
Q6PKG0,7,7
Q6PL24,9,9
Q6Q788,19,19
Q6QNY0,3,3
Q6RW13,3,3
Q6ULP2,5,5
Q6UVK1,37,37
Q6UW02,7,7
Q6UWD8,5,5
Q6UWL2,12,12
Q6UWP8,5,5
Q6UWY5,3,3
Q6UX71,9,9
Q6UXB2,2,2
Q6UXB8,8,8
Q6UXI9,4,4
Q6UXV4,8,8
Q6UY14,4,4
Q6V0I7,34,33
Q6VY07,16,17
Q6WCQ1,21,22
Q6XQN6,14,14
Q6YHK3,26,27
Q6ZMI0,5,6
Q6ZNJ1,48,47
Q6ZRY4,4,4
Q6ZT21,4,4
Q6ZU35,15,15
Q6ZVM7,14,15
Q6ZWT7,8,8
Q709C8,84,85
Q70J99,44,44
Q712K3,4,4
Q76LX8,14,14
Q76M96,8,7
Q7KZF4,35,36
Q7KZI7,7,7
Q7L1Q6,11,11
Q7L1W4,20,20
Q7L266,3,3
Q7L2H7,12,12
Q7L576,45,45
Q7L591,15,16
Q7L5N1,8,8
Q7L5Y1,5,5
Q7L7X3,19,19
Q7L8L6,12,11
Q7L9L4;Q9H8S9,5,5
Q7LDG7,23,23
Q7LGC8,7,7
Q7Z2K6,10,10
Q7Z2W4,17,18
Q7Z2Z2,6,6
Q7Z304,19,19
Q7Z3J2,12,12
Q7Z3U7,14,14
Q7Z3V4,7,6
Q7Z401,13,13
Q7Z422,2,2
Q7Z434,11,11
Q7Z460,23,23
Q7Z478,34,34
Q7Z4W1,5,5
Q7Z5G4,3,3
Q7Z5L0,4,4
Q7Z5L7,3,3
Q7Z5R6,6,6
Q7Z6Z7,79,80
Q7Z7E8,6,6
Q7Z7G0,19,18
Q7Z7H5,5,6
Q86T03,5,5
Q86TH1,9,9
Q86TP1,13,13
Q86TV6,15,15
Q86TX2,8,8
Q86TY3,4,4
Q86UD1,5,5
Q86UE4,11,11
Q86UF1,3,3
Q86UP2,30,31
Q86UT6,22,23
Q86UX2,7,7
Q86UX7,42,43
Q86VP3,6,6
Q86VP6,34,34
Q86VS8,14,14
Q86VW0,7,7
Q86WI1,53,54
Q86WR0,5,4
Q86WR7,7,7
Q86WV6,5,5
Q86X10,11,12
Q86X29,11,11
Q86X76,4,4
Q86Y38,4,4
Q86Y39,5,5
Q86Y82,6,6
Q86YL5,9,9
Q86YQ8,2,2
Q86YS7,5,5
Q86YV0,6,6
Q86YW5,7,7
Q8IUI8,12,12
Q8IUK5,6,6
Q8IUL8,7,7
Q8IUN9,4,4
Q8IUR7,13,13
Q8IUX7,30,30
Q8IVB4,8,8
Q8IVT5,12,12
Q8IW45,5,6
Q8IWA5,14,14
Q8IWB7,12,13
Q8IWB9,9,9
Q8IWE2,5,5
Q8IWU5,7,7
Q8IWV7,25,25
Q8IWY4,13,11
Q8IXI1,10,10
Q8IXJ6,12,12
Q8IXK2,5,5
Q8IXQ6,8,8
Q8IY17,11,11
Q8IY22,13,13
Q8IYB5,2,2
Q8IYI6,6,6
Q8IYU8,9,9
Q8IZ81,4,4
Q8IZ83,8,8
Q8IZD0,9,9
Q8IZF2,9,9
Q8IZH2,10,10
Q8IZP0,13,13
Q8N0X7,7,7
Q8N128,5,5
Q8N1A6,6,6
Q8N1B4,7,7
Q8N1G4,10,11
Q8N2G8,7,7
Q8N2S1,29,29
Q8N335,6,6
Q8N392,28,28
Q8N3C0,25,25
Q8N3D4,18,18
Q8N3F0,3,3
Q8N3T1,9,9
Q8N436,9,9
Q8N474,9,7
Q8N490,9,9
Q8N4C8,8,8
Q8N4L2,8,8
Q8N4T8,4,4
Q8N573,9,9
Q8N5C1,5,6
Q8N5I2,4,4
Q8N5J2,10,10
Q8N5K1,4,4
Q8N5M4,3,3
Q8N699,5,5
Q8N6H7,14,14
Q8N6M0,4,4
Q8N6T3,7,7
Q8N766,22,22
Q8N983,2,2
Q8N9N7,4,4
Q8N9N8,2,2
Q8N9U0,17,18
Q8NB16,5,5
Q8NBF2,15,15
Q8NBJ4,13,13
Q8NBJ7,9,9
Q8NBM4,7,7
Q8NBM8,9,9
Q8NBP7,19,19
Q8NBQ5,10,11
Q8NBR6,4,4
Q8NBS9,12,12
Q8NBU5,5,5
Q8NBX0,13,13
Q8NBZ7,6,6
Q8NC51,6,6
Q8NCA5,8,8
Q8NCE2,7,7
Q8NCH0,6,6
Q8NCW5,6,6
Q8ND76,3,3
Q8NDA2,7,7
Q8NDB2,14,14
Q8NDZ4,9,9
Q8NE71,29,29
Q8NE86,13,13
Q8NEB9,5,5
Q8NES3,6,6
Q8NEU8,28,28
Q8NEV1,10,10
Q8NEZ2,7,7
Q8NF37,5,5
Q8NF50,29,30
Q8NFH8,6,7
Q8NFV4,8,8
Q8NG06,18,18
Q8NG11,4,4
Q8NHG8,4,4
Q8NHP6,5,5
Q8NI08,10,10
Q8NI22,5,5
Q8NI99,26,27
Q8TAT6,11,11
Q8TB03,3,3
Q8TB24,9,9
Q8TB40,3,3
Q8TB73,8,8
Q8TBC4,7,7
Q8TBF2,6,6
Q8TC07,21,21
Q8TC12,12,12
Q8TCD5,5,5
Q8TCF1,4,4
Q8TCJ2,7,8
Q8TCT8,2,2
Q8TCT9,5,5
Q8TCZ2,3,3
Q8TD06,5,5
Q8TD16,8,8
Q8TD19,14,14
Q8TD55,16,16
Q8TDB6,9,9
Q8TDL5,23,23
Q8TDX7,7,7
Q8TDZ2,20,21
Q8TEA8,7,7
Q8TEQ0,5,5
Q8TER0,4,4
Q8TEW0,23,23
Q8TEX9,7,7
Q8TF42,20,21
Q8TF64,5,5
Q8WTU2,17,17
Q8WU76,9,9
Q8WU79,4,4
Q8WU90,4,4
Q8WUA8,9,10
Q8WUD1,4,4
Q8WUJ3,23,23
Q8WUM4,21,21
Q8WUW1,4,4
Q8WUY3,3,3
Q8WVJ2,4,4
Q8WVM8,19,19
Q8WVQ1,3,3
Q8WW12,3,3
Q8WW22,2,2
Q8WWA0,17,17
Q8WWA1,7,7
Q8WWI5,11,11
Q8WWM7,3,3
Q8WWV6,2,2
Q8WWZ8,18,18
Q8WXE9,19,20
Q8WXF7,17,17
Q8WXG6,18,18
Q8WXX5,6,6
Q8WYN0,4,4
Q8WZ42,17,17
Q8WZA0,6,6
Q92187,12,12
Q92496,5,5
Q92499,21,21
Q92520,7,7
Q92522,4,4
Q92530,3,3
Q92538,13,13
Q92539,11,11
Q92542,7,7
Q92544,7,7
Q92556,14,14
Q92558,5,5
Q92563,10,10
Q92572,5,5
Q92575,4,4
Q92598,16,16
Q92604,3,5
Q92608,13,14
Q92609,11,11
Q92614,46,47
Q92616,22,22
Q92619,33,34
Q92625,18,18
Q92626,12,11
Q92673,24,24
Q92688,3,3
Q92692,6,6
Q92696,10,10
Q92734,6,6
Q92743,11,11
Q92747,7,7
Q92783,7,7
Q92804,2,2
Q92820,6,6
Q92824,7,7
Q92835,19,19
Q92841,5,4
Q92882,6,6
Q92888,17,17
Q92890,8,8
Q92900,23,24
Q92902,5,5
Q92905,12,12
Q92930,3,3
Q92947,9,9
Q92954,27,27
Q92963,4,4
Q92973,15,15
Q92974,22,22
Q93008,60,62
Q93009,18,18
Q93034,16,16
Q93050,16,15
Q93052,13,13
Q93084,28,28
Q93091,3,3
Q969M7,3,3
Q969T9,5,5
Q969V3,8,8
Q969X0,4,4
Q969X5,6,6
Q969Z0,7,7
Q96A00,4,4
Q96A32,11,11
Q96A33,9,9
Q96A49,9,9
Q96A65,18,18
Q96AB3,3,3
Q96AG4,9,9
Q96AP7,8,8
Q96AQ6,7,7
Q96AT9,7,7
Q96AX1,8,8
Q96AX2,7,7
Q96B36,2,2
Q96BJ3,3,3
Q96BS2,7,7
Q96BY6,34,34
Q96C19,6,6
Q96C24,24,24
Q96CG8,2,2
Q96CN4,4,4
Q96CN7,6,6
Q96CS3,11,11
Q96CT7,4,4
Q96CV9,10,10
Q96CW1,13,13
Q96CW5,7,8
Q96CX2,3,3
Q96D15,9,9
Q96D71,9,9
Q96DH6,5,5
Q96DZ9,2,2
Q96E17,4,4
Q96EK6,4,4
Q96EP5,8,8
Q96FN4,9,10
Q96FW1,10,10
Q96G03,13,13
Q96G23,5,5
Q96GG9,5,5
Q96GK7,7,6
Q96GW7,3,3
Q96H79,6,6
Q96HC4,21,21
Q96HN2,6,6
Q96HS1,5,5
Q96HY6,4,4
Q96I82,5,5
Q96I99,7,7
Q96IJ6,11,11
Q96IU4,4,4
Q96IX5,2,2
Q96IY4,13,13
Q96J02,5,5
Q96J42,5,5
Q96JB5,10,10
Q96JC1,12,12
Q96JF0,2,2
Q96JG6,10,10
Q96JH7,12,11
Q96JJ7,8,8
Q96JQ0,5,5
Q96K17,2,2
Q96K21,2,2
Q96K37,5,5
Q96K49,5,5
Q96K76,36,36
Q96KG9,20,20
Q96KN2,25,25
Q96KP1,9,9
Q96KP4,26,26
Q96M27,4,4
Q96M96,8,8
Q96MK2,16,17
Q96MW1,4,4
Q96N67,18,18
Q96NZ9,7,7
Q96P48,35,35
Q96P70,9,9
Q96PC5,7,7
Q96PD5,14,14
Q96PU8,3,0
Q96Q05,9,9
Q96Q06,20,22
Q96QG7,3,3
Q96QK1,13,13
Q96QR1,3,3
Q96QR8,4,4
Q96QS1,7,7
Q96RD7,7,8
Q96RI0,5,5
Q96RL7,73,74
Q96RT1,22,22
Q96S59,7,7
Q96S96,7,7
Q96S97,5,5
Q96SB3,18,18
Q96SW2,5,5
Q96T51,23,23
Q96T76,9,9
Q96TC7,9,9
Q99417,5,5
Q99418,5,7
Q99426,5,5
Q99439,11,11
Q99460,25,25
Q99471,5,5
Q99490,6,6
Q99497,7,7
Q99501,12,12
Q99523,11,11
Q99536,8,8
Q99538,3,3
Q99542,17,17
Q99574,2,2
Q99614,5,5
Q99615,13,13
Q99623,11,11
Q99627,3,3
Q99674,5,5
Q99683,23,23
Q99685,14,14
Q99704,12,12
Q99714,12,12
Q99715,81,81
Q99719,13,13
Q99729,2,0
Q99733,14,14
Q99747,12,12
Q99767,4,4
Q99798,28,28
Q99805,10,10
Q99808,4,4
Q99816,8,8
Q99828,6,6
Q99829,7,7
Q99832,19,19
Q99873,10,10
Q99943,7,7
Q99961,8,8
Q99962,4,4
Q99969,5,5
Q99972,12,12
Q99983,8,8
Q99999,5,5
Q9BPX5,4,4
Q9BPX6,5,5
Q9BQ24,4,4
Q9BQA1,7,7
Q9BQA9,3,3
Q9BQB4,3,3
Q9BQE3,3,3
Q9BQQ3,2,2
Q9BR76,12,12
Q9BRA2,5,5
Q9BRG1,6,6
Q9BRK5,13,14
Q9BRP8,6,6
Q9BRX2,9,9
Q9BS26,11,11
Q9BSF0,4,4
Q9BSH5,4,4
Q9BSJ2,10,10
Q9BSJ8,29,29
Q9BSQ5,8,8
Q9BT22,2,2
Q9BT78,20,20
Q9BTE1,4,4
Q9BTV4,10,10
Q9BTW9,9,9
Q9BTY2,13,13
Q9BTZ2,3,3
Q9BU40,6,6
Q9BUD6,4,4
Q9BUF5,14,14
Q9BUL8,8,8
Q9BUN1,3,3
Q9BUP3,4,4
Q9BV20,7,7
Q9BV40,4,4
Q9BV57,4,4
Q9BV68,2,2
Q9BVK6,3,4
Q9BW04,9,10
Q9BW83,4,4
Q9BWD1,8,8
Q9BWM7,13,13
Q9BWP8,8,8
Q9BWS9,11,11
Q9BX10,13,13
Q9BX67,6,6
Q9BX68,6,6
Q9BX93,5,6
Q9BXB4,5,5
Q9BXD5,3,3
Q9BXJ1,6,6
Q9BXK5,8,8
Q9BXN1,18,18
Q9BXR6,17,17
Q9BXS4,6,6
Q9BXS5,13,13
Q9BXX0,10,9
Q9BY32,4,4
Q9BY43,8,8
Q9BY44,13,13
Q9BY76,7,7
Q9BYC5,18,18
Q9BYE9,17,17
Q9BYH1,5,5
Q9BYJ0,5,5
Q9BYV8,6,6
Q9BYZ8,5,5
Q9BZ67,3,3
Q9BZ72,22,22
Q9BZF1,15,15
Q9BZF9,25,26
Q9BZH6,22,22
Q9BZL4,12,14
Q9BZL6,8,8
Q9BZQ8,13,13
Q9BZV1,10,10
Q9C0B1,4,0
Q9C0C9,50,50
Q9C0E2,6,6
Q9C0E8,12,12
Q9C0I1,22,23
Q9GZM7,9,9
Q9GZN8,5,5
Q9GZP0,5,5
Q9GZP4,6,6
Q9GZS3,4,4
Q9GZT8,4,4
Q9GZY6,2,2
Q9GZY8,6,6
Q9GZZ1,2,2
Q9GZZ9,7,7
Q9H019,3,3
Q9H074,5,5
Q9H098,4,4
Q9H0B8,10,10
Q9H0E2,6,7
Q9H0P0,16,16
Q9H0R4,4,4
Q9H0U3,4,4
Q9H0U4,11,11
Q9H0X4,10,11
Q9H0Z9,6,6
Q9H159,10,9
Q9H173,5,5
Q9H1B5,13,13
Q9H1E3,3,0
Q9H1E5,4,4
Q9H1P3,8,8
Q9H1Y0,7,7
Q9H1Z4,5,5
Q9H1Z8,3,3
Q9H223,17,17
Q9H244,3,3
Q9H251,14,15
Q9H257,6,6
Q9H267,13,13
Q9H269,18,19
Q9H270,16,16
Q9H299,3,3
Q9H2D6,8,8
Q9H2G2,24,24
Q9H2J4,8,8
Q9H2K8,21,23
Q9H2M9,31,31
Q9H2U2,12,12
Q9H2X0,2,2
Q9H3G5,5,5
Q9H3K6,2,3
Q9H3N1,6,6
Q9H3P7,9,10
Q9H3U1,31,31
Q9H425,7,7
Q9H444,8,8
Q9H446,4,4
Q9H479,10,10
Q9H4A3,14,15
Q9H4A4,20,19
Q9H4A6,5,5
Q9H4B6,9,9
Q9H4B7,27,27
Q9H4E7,3,3
Q9H4F8,20,18
Q9H4G4,5,5
Q9H4L5,14,14
Q9H4M9,20,20
Q9H4X1,5,5
Q9H5X1,6,6
Q9H6Q3,7,7
Q9H6S0,10,10
Q9H7C9,3,3
Q9H7D0,32,32
Q9H7D7,12,12
Q9H7J1,5,5
Q9H832,6,7
Q9H845,7,7
Q9H8H3,7,7
Q9H8L6,7,7
Q9H8W4,12,12
Q9H8Y8,4,4
Q9H910,5,5
Q9H939,16,16
Q9H9A6,9,9
Q9H9B4,9,10
Q9H9C1,9,9
Q9H9H4,5,5
Q9H9P8,6,6
Q9H9Q2,7,7
Q9HA64,6,5
Q9HAT2,7,8
Q9HAU5,10,10
Q9HAV0,6,6
Q9HB07,10,10
Q9HB40,7,7
Q9HB71,8,8
Q9HB90,3,3
Q9HBF4,5,5
Q9HBH0,8,8
Q9HBI0,6,6
Q9HBI1,16,16
Q9HBL0,19,20
Q9HC35,17,17
Q9HCB6,11,11
Q9HCC0,10,10
Q9HCG7,6,6
Q9HCL0,8,8
Q9HCM2,39,40
Q9HCN6,5,5
Q9HCU0,10,10
Q9HCU5,8,8
Q9HD20,23,24
Q9HD26,7,7
Q9HD42,2,2
Q9HD45,11,11
Q9HDC9,18,18
Q9NNX6,6,6
Q9NP55,5,5
Q9NP58,11,11
Q9NP72,10,10
Q9NP79,6,6
Q9NPA2,3,3
Q9NPB8,10,10
Q9NPG4,13,13
Q9NPJ3,3,3
Q9NPQ8,14,14
Q9NPY3,6,6
Q9NQ30,5,5
Q9NQ38,14,15
Q9NQ75,33,34
Q9NQ79,27,27
Q9NQC3,7,7
Q9NQG7,5,5
Q9NQT8,35,35
Q9NQW7,23,24
Q9NR09,13,13
Q9NR12,16,16
Q9NR28,4,4
Q9NR31,10,10
Q9NR45,11,11
Q9NR46,6,6
Q9NR50,11,11
Q9NR56,3,3
Q9NR99,47,47
Q9NRA1,7,7
Q9NRB3,5,5
Q9NRF8,11,11
Q9NRG1,2,2
Q9NRL3,14,14
Q9NRR1,2,2
Q9NRW1,5,5
Q9NRW3,6,6
Q9NRW4,5,5
Q9NRW7,13,14
Q9NRX4,2,2
Q9NRY5,17,17
Q9NS15,19,19
Q9NS28,7,7
Q9NS69,3,3
Q9NS86,6,6
Q9NSD9,12,12
Q9NSE4,21,21
Q9NSY1,4,4
Q9NT62,8,8
Q9NTJ5,25,25
Q9NTK5,12,12
Q9NUB1,15,15
Q9NUJ1,10,10
Q9NUQ9,7,7
Q9NUU7;Q9UMR2,7,7
Q9NUY8,11,11
Q9NV70,14,14
Q9NV96,5,5
Q9NVA2,13,13
Q9NVE7,9,8
Q9NVG8,10,10
Q9NVH1,6,6
Q9NVI7,12,13
Q9NVJ2,9,9
Q9NVK5,7,7
Q9NVT9,5,5
Q9NVV5,3,3
Q9NW15,7,8
Q9NW68,6,6
Q9NWV4,7,7
Q9NWV8,5,5
Q9NWZ3,8,8
Q9NX46,7,7
Q9NX63,7,7
Q9NXH8,14,14
Q9NXR7,7,7
Q9NXU5,5,5
Q9NY33,19,18
Q9NY65,12,12
Q9NYB9,8,8
Q9NYL9,17,17
Q9NYQ6,11,11
Q9NYQ8,11,10
Q9NYU2,39,39
Q9NZ01,5,5
Q9NZ08,24,24
Q9NZ09,4,4
Q9NZ32,8,8
Q9NZ53,5,5
Q9NZB2,18,18
Q9NZJ7,9,9
Q9NZK5,9,9
Q9NZL9,4,4
Q9NZM3,21,21
Q9NZN3,35,36
Q9NZN4,5,5
Q9NZN5,20,20
Q9NZP8,3,3
Q9NZQ3,12,13
Q9NZZ3,3,3
Q9P035,7,8
Q9P0I2,8,8
Q9P0J0,7,7
Q9P0J1,8,8
Q9P0J7,5,5
Q9P0L0,6,6
Q9P0S9,4,4
Q9P107,9,9
Q9P126,9,9
Q9P1Z2,20,19
Q9P253,12,12
Q9P260,21,20
Q9P265,7,7
Q9P270,16,16
Q9P289,7,7
Q9P2D3,17,17
Q9P2E9,22,22
Q9P2J5,23,23
Q9P2R7,10,10
Q9UBC2,29,29
Q9UBF2,21,21
Q9UBI1,3,3
Q9UBM7,5,5
Q9UBN7,18,18
Q9UBP0,3,0
Q9UBP4,15,15
Q9UBQ0,6,6
Q9UBQ5,4,4
Q9UBQ7,11,11
Q9UBR1,4,4
Q9UBS3,6,6
Q9UBS4,11,11
Q9UBU3,3,3
Q9UBV2,6,6
Q9UBV8,3,3
Q9UBW5,22,22
Q9UBW8,8,8
Q9UBX5,15,15
Q9UDT6,26,27
Q9UDY2,33,34
Q9UEU0,5,5
Q9UEW3,5,6
Q9UEW8,11,11
Q9UEY8,16,16
Q9UFN0,14,14
Q9UGM3,2,0
Q9UGM5,7,7
Q9UGP4,9,9
Q9UGP8,5,5
Q9UGT4,2,2
Q9UH62,10,10
Q9UHA4,3,3
Q9UHB6,18,18
Q9UHD1,6,6
Q9UHD2,9,9
Q9UHD8,11,12
Q9UHD9,2,3
Q9UHF0,5,5
Q9UHG2,5,5
Q9UHG3,13,13
Q9UHI8,4,4
Q9UHQ4,5,6
Q9UHQ9,11,11
Q9UHV9,3,3
Q9UHY1,8,8
Q9UHY7,11,11
Q9UI10,10,10
Q9UI12,7,7
Q9UI26,4,4
Q9UIA9,20,21
Q9UIB8,9,9
Q9UIC8,4,4
Q9UID3,13,14
Q9UIJ7,11,11
Q9UIQ6,15,15
Q9UJ68,4,4
Q9UJ70,8,8
Q9UJC5,5,5
Q9UJJ9,2,2
Q9UJS0,12,12
Q9UJU6,20,20
Q9UJW0,13,13
Q9UJX2,4,4
Q9UJX3,7,7
Q9UJZ1,9,9
Q9UK05,7,7
Q9UK41,4,4
Q9UK55,26,27
Q9UKE5,23,23
Q9UKG1,15,15
Q9UKK9,6,6
Q9UKM7,2,2
Q9UKM9,3,0
Q9UKP3,5,5
Q9UKR5,3,3
Q9UKT5,3,3
Q9UKU9,9,9
Q9UKV3,6,6
Q9UKY7,9,9
Q9UKZ9,9,9
Q9UL15,7,7
Q9UL25,10,10
Q9UL26,5,6
Q9UL33,7,7
Q9UL46,7,7
Q9ULA0,7,7
Q9ULC4,6,6
Q9ULC5,22,21
Q9ULH1,23,23
Q9ULI3,14,14
Q9ULL4,20,20
Q9ULQ0,13,13
Q9ULV4,18,18
Q9UM07,13,13
Q9UM22,3,3
Q9UM47,9,9
Q9UMS0,4,4
Q9UN19,10,10
Q9UN37,8,8
Q9UN86,8,8
Q9UNE7,7,7
Q9UNF0,16,16
Q9UNF1,11,11
Q9UNH7,10,11
Q9UNM6,8,8
Q9UNN5,14,14
Q9UNS2,15,15
Q9UNW1,5,5
Q9UNZ2,11,11
Q9UP79,4,5
Q9UPN3,141,143
Q9UPN4,15,15
Q9UPN7,12,12
Q9UPT5,13,13
Q9UPU5,29,30
Q9UPW5,4,4
Q9UPY3,15,15
Q9UQ13,5,6
Q9UQ16,7,8
Q9UQ53,3,3
Q9UQ80,16,16
Q9Y210,16,16
Q9Y224,6,6
Q9Y230,17,17
Q9Y237,5,5
Q9Y240,15,15
Q9Y251,16,16
Q9Y262,16,16
Q9Y263,14,14
Q9Y265,13,13
Q9Y274,5,5
Q9Y277,10,10
Q9Y279,3,3
Q9Y285,7,7
Q9Y287,5,5
Q9Y295,6,6
Q9Y2A7,33,33
Q9Y2B0,6,6
Q9Y2D4,10,10
Q9Y2G3,13,13
Q9Y2H0,8,8
Q9Y2H1,5,5
Q9Y2I8,11,11
Q9Y2J2,14,14
Q9Y2L5,13,13
Q9Y2L6,12,12
Q9Y2L9,7,7
Q9Y2Q0,27,28
Q9Y2Q3,8,8
Q9Y2Q5,6,6
Q9Y2S2,10,10
Q9Y2T2,11,11
Q9Y2X7,22,22
Q9Y2Y8,6,6
Q9Y2Z0,13,13
Q9Y305,14,14
Q9Y315,14,14
Q9Y316,14,14
Q9Y333,2,2
Q9Y371,8,8
Q9Y376,11,11
Q9Y385,6,6
Q9Y394,10,10
Q9Y3A3,8,8
Q9Y3A5,5,5
Q9Y3A6,6,6
Q9Y3B3,6,6
Q9Y3C0,2,2
Q9Y3C5,3,3
Q9Y3D6,4,4
Q9Y3D8,3,3
Q9Y3E7,4,4
Q9Y3F4,12,12
Q9Y3I0,16,16
Q9Y3I1,4,4
Q9Y3P9,25,25
Q9Y3Q3,3,3
Q9Y3Q8,7,7
Q9Y450,11,11
Q9Y478,9,9
Q9Y484,5,5
Q9Y487,9,9
Q9Y490,132,132
Q9Y4D1,34,34
Q9Y4D8,16,16
Q9Y4E8,32,32
Q9Y4F9,9,9
Q9Y4G8,14,14
Q9Y4H2,11,11
Q9Y4I1,42,42
Q9Y4K0,4,0
Q9Y4K4,9,9
Q9Y4L1,29,29
Q9Y4P1,7,7
Q9Y4W6,10,10
Q9Y4X3,2,2
Q9Y4X5,7,7
Q9Y4Z0,2,2
Q9Y508,3,3
Q9Y512,12,12
Q9Y570,5,5
Q9Y5C1,20,19
Q9Y5K6,16,16
Q9Y5L0,11,11
Q9Y5M8,10,10
Q9Y5P4,16,16
Q9Y5P6,8,8
Q9Y5Q8,8,8
Q9Y5S2,55,55
Q9Y5S9,3,3
Q9Y5X1,14,14
Q9Y5X2,5,5
Q9Y5X3,10,10
Q9Y5X9,7,7
Q9Y5Y2,6,6
Q9Y608,13,13
Q9Y613,40,40
Q9Y616,7,7
Q9Y619,6,6
Q9Y624,12,12
Q9Y625,7,7
Q9Y639,4,4
Q9Y646,8,8
Q9Y673,5,5
Q9Y678,33,35
Q9Y696,11,11
Q9Y6A5,6,7
Q9Y6B6,3,3
Q9Y6C2,30,29
Q9Y6C9,9,9
Q9Y6D5,22,22
Q9Y6D6,29,29
Q9Y6E0,16,16
Q9Y6E2,6,6
Q9Y6F6,27,27
Q9Y6G9,13,13
Q9Y6I3,5,5
Q9Y6I9,7,7
Q9Y6K9,8,8
Q9Y6M1,14,12
Q9Y6M5,10,10
Q9Y6M9,6,6
Q9Y6N5,16,16
Q9Y6R7,17,17
Q9Y6W5,12,12
Q9Y6X5,5,5
Q9Y6Y8,10,10
Q9Y6Z7,7,7
A0A075B6K0,0,3
A2RTX5,0,5
A6H8Y1,0,2
A6QL63,0,10
A7E2V4,0,5
O00214,0,4
O00400,0,3
O00421,0,2
O00469,0,3
O00592,0,2
O00754,0,5
O14498,0,2
O14653,0,2
O14964,0,4
O15155,0,2
O15211,0,2
O15258,0,2
O15438,0,8
O15466,0,4
O43181,0,3
O43264,0,8
O43402,0,3
O43427,0,3
O43617,0,4
O43674,0,3
O43676,0,3
O60262,0,2
O60502,0,9
O60547,0,3
O60573,0,2
O60667,0,2
O60826,0,10
O60925,0,2
O75157,0,4
O75323,0,5
O75324,0,3
O75356,0,3
O75365,0,3
O75427,0,6
O75431,0,3
O75439,0,5
O75477,0,5
O75843,0,2
O94888,0,2
O95298,0,3
O95562,0,2
O95630,0,8
O95644,0,6
O95685,0,4
O95749,0,2
O95758,0,3
O95865,0,4
O95980,0,6
P00846,0,2
P02810,0,2
P03891,0,3
P03915,0,4
P07919,0,2
P09327,0,5
P09525,0,9
P0CG29;P0CG30,0,4
P12318,0,3
P12883,0,5
P17174,0,5
P19256,0,3
P21731,0,3
P22304,0,2
P22570,0,5
P24390,0,3
P25116,0,5
P25940,0,2
P26447,0,2
P27448,0,4
P28072,0,2
P28288,0,5
P29353,0,5
P30154,0,3
P30520,0,4
P31937,0,9
P33947,0,2
P35236,0,3
P35270,0,3
P36639,0,3
P40189,0,2
P40238,0,3
P42226,0,7
P42830,0,3
P43897,0,4
P45984,0,4
P46019,0,5
P46736,0,4
P46934,0,4
P48637,0,8
P48651,0,5
P48723,0,3
P48739,0,7
P49354,0,4
P49770,0,3
P49795,0,2
P49840,0,3
P50591,0,2
P51114,0,4
P51784,0,3
P51808,0,2
P51970,0,3
P52564,0,2
P52848,0,4
P53367,0,4
P54802,0,3
P55211,0,5
P60510,0,2
P61966,0,4
P62081,0,2
P62266,0,3
P62312,0,2
P62341,0,3
P68106,0,3
P69891,0,3
P78410,0,4
P78537,0,3
P98155,0,4
P98196,0,2
Q02338,0,4
Q03013,0,3
Q07108,0,4
Q07817,0,2
Q08211,0,3
Q08378,0,16
Q10713,0,3
Q12959,0,5
Q13155,0,3
Q13308,0,7
Q13325,0,2
Q13370,0,2
Q13443,0,6
Q13445,0,2
Q13451,0,4
Q13574,0,6
Q13636,0,2
Q13740,0,3
Q14315,0,3
Q14353,0,2
Q14739,0,4
Q14746,0,4
Q14914,0,3
Q15102,0,3
Q15643,0,6
Q15650,0,5
Q16186,0,2
Q16204,0,5
Q16774,0,3
Q16854,0,4
Q2TAA5,0,5
Q3MHD2,0,2
Q3ZAQ7,0,2
Q3ZCQ8,0,5
Q4G148,0,3
Q53ET0,0,3
Q53GL0,0,3
Q53GL7,0,6
Q562E7,0,3
Q5BJD5,0,3
Q5HYI8,0,3
Q5JTV8,0,4
Q5JVS0,0,3
Q5K4L6,0,6
Q5K651,0,11
Q5T2T1,0,9
Q5T3F8,0,3
Q5T5U3,0,9
Q5TBA9,0,7
Q5TGZ0,0,2
Q5VST6,0,3
Q5VWJ9,0,4
Q5VZM2;Q7L523,0,4
Q68BL7,0,3
Q6FI81,0,6
Q6GMV3,0,4
Q6P9F5,0,2
Q6PJF5,0,6
Q6UWE0,0,3
Q6YN16,0,7
Q6ZS11,0,4
Q6ZSS7,0,3
Q6ZUX7,0,3
Q70IA8,0,2
Q7L4E1,0,8
Q7L5D6,0,3
Q7L8W6,0,4
Q7Z392,0,8
Q7Z3C6,0,6
Q7Z4G1,0,2
Q7Z6B0,0,3
Q7Z6V5,0,2
Q86SX6,0,2
Q86TI2,0,3
Q86VN1,0,4
Q86VR2,0,3
Q86XP1,0,4
Q8IU68,0,3
Q8IWR0,0,4
Q8IX19,0,4
Q8IXB1,0,5
Q8IXI2,0,5
Q8IY33,0,7
Q8IZ07,0,5
Q8N0U8,0,5
Q8N0Z6,0,4
Q8N1Q1,0,3
Q8N2K0,0,6
Q8N4Q1,0,2
Q8N4V1,0,2
Q8N5M9,0,2
Q8NB37,0,2
Q8NCG7,0,5
Q8NCN5,0,9
Q8ND56,0,4
Q8NEW0,0,2
Q8NFQ8,0,4
Q8NHG7,0,2
Q8TBX8,0,2
Q8TCS8,0,9
Q8TEB9,0,5
Q8TF05,0,4
Q8WUH6,0,2
Q8WVC6,0,6
Q8WW59,0,5
Q8WWY8,0,3
Q8WY22,0,2
Q8WZ82,0,3
Q92506,0,3
Q92540,0,3
Q93099,0,6
Q969K3,0,3
Q969M3,0,2
Q969X1,0,2
Q96A26,0,5
Q96AA3,0,3
Q96AC1,0,11
Q96B45,0,3
Q96B97,0,5
Q96BN8,0,5
Q96C36,0,3
Q96D46,0,5
Q96DT0,0,3
Q96DZ1,0,5
Q96EP0,0,9
Q96EY8,0,4
Q96F46,0,5
Q96FZ7,0,4
Q96G97,0,4
Q96GS4,0,3
Q96H20,0,4
Q96IG2,0,4
Q96IV0,0,6
Q96JB2,0,5
Q96KC8,0,3
Q96LJ7,0,5
Q96MH2,0,2
Q96NB2,0,4
Q96PM5,0,3
Q96Q11,0,3
Q96Q42,0,3
Q96S66,0,3
Q96SU4,0,3
Q96T66,0,6
Q99442,0,2
Q99543,0,4
Q99570,0,5
Q99757,0,3
Q9BRJ2,0,4
Q9BRR8,0,2
Q9BS40,0,2
Q9BSD7,0,3
Q9BSW2,0,7
Q9BT09,0,3
Q9BT40,0,3
Q9BVC4,0,3
Q9BVG4,0,2
Q9BWH2,0,4
Q9BX59,0,4
Q9BXJ4,0,2
Q9BXJ9,0,4
Q9BYD6,0,2
Q9BYI3,0,7
Q9BYM8,0,6
Q9BZE1,0,3
Q9BZF3,0,8
Q9BZI7,0,4
Q9BZW5,0,3
Q9C037,0,7
Q9C0F1,0,4
Q9C0H2,0,3
Q9GZU7,0,3
Q9H1I8,0,6
Q9H1K0,0,5
Q9H239,0,2
Q9H2W6,0,3
Q9H330,0,3
Q9H488,0,3
Q9H497,0,2
Q9H553,0,5
Q9H6T3,0,2
Q9H6V9,0,3
Q9H6X2,0,3
Q9H7B4,0,3
Q9H8M7,0,2
Q9HAB8,0,4
Q9HBL7,0,4
Q9HC07,0,3
Q9HC38,0,4
Q9HCP0,0,4
Q9HD89,0,3
Q9NNW7,0,6
Q9NP61,0,4
Q9NP81,0,7
Q9NP97,0,3
Q9NPA0,0,2
Q9NPH3,0,3
Q9NQ34,0,2
Q9NQE9,0,3
Q9NQR4,0,6
Q9NR19,0,5
Q9NRK6,0,8
Q9NRV9,0,3
Q9NRZ7,0,5
Q9NS00,0,2
Q9NTJ4,0,5
Q9NWW6,0,3
Q9NX14,0,3
Q9NX40,0,3
Q9NX62,0,4
Q9NXC2,0,4
Q9NXL6,0,3
Q9NYA1,0,4
Q9NYJ8,0,6
Q9NZ45,0,2
Q9NZD4,0,2
Q9NZL4,0,3
Q9NZN8,0,4
Q9NZT1,0,2
Q9P1F3,0,3
Q9P2R3,0,7
Q9P2W9,0,5
Q9UBB4,0,5
Q9UBG0,0,2
Q9UFG5,0,3
Q9UI09,0,3
Q9UJX5,0,6
Q9UKF7,0,3
Q9UKV8,0,4
Q9UKW4,0,10
Q9UL45,0,2
Q9ULP9,0,7
Q9UPY6,0,6
Q9UQN3,0,2
Q9Y257,0,2
Q9Y276,0,9
Q9Y296,0,3
Q9Y2R0,0,2
Q9Y2V2,0,2
Q9Y2V7,0,5
Q9Y3E5,0,3
Q9Y3L5,0,2
Q9Y4E1,0,5
Q9Y4E6,0,2
Q9Y4G6,0,3
Q9Y4K3,0,8
Q9Y4P3,0,2
Q9Y5K8,0,4
Q9Y5U9,0,2
Q9Y6Q2,0,2
Q9Y6R4,0,7
